timestamp,open,high,low,close,volume
2026-07-14 00:00:00,79.62,79.66,79.5,79.63,189.0
2026-07-14 00:05:00,79.65,79.77,79.62,79.7,193.0
2026-07-14 00:10:00,79.72,79.82,79.65,79.72,148.0
2026-07-14 00:15:00,79.7,79.73,79.57,79.57,118.0
2026-07-14 00:20:00,79.55,79.57,79.43,79.48,467.0
2026-07-14 00:25:00,79.5,79.65,79.5,79.62,117.0
2026-07-14 00:30:00,79.62,79.72,79.57,79.69,108.0
2026-07-14 00:35:00,79.71,79.84,79.67,79.75,190.0
2026-07-14 00:40:00,79.73,79.85,79.72,79.8,180.0
2026-07-14 00:45:00,79.81,79.86,79.76,79.84,76.0
2026-07-14 00:50:00,79.86,79.91,79.83,79.85,109.0
2026-07-14 00:55:00,79.82,79.87,79.73,79.78,163.0
2026-07-14 01:00:00,79.78,79.88,79.66,79.85,179.0
2026-07-14 01:05:00,79.85,79.9,79.77,79.78,83.0
2026-07-14 01:10:00,79.8,79.82,79.7,79.71,99.0
2026-07-14 01:15:00,79.72,79.79,79.65,79.74,138.0
2026-07-14 01:20:00,79.74,79.8,79.69,79.8,126.0
2026-07-14 01:25:00,79.8,79.84,79.7,79.7,87.0
2026-07-14 01:30:00,79.68,79.68,79.26,79.39,1046.0
2026-07-14 01:35:00,79.39,79.4,79.0,79.02,736.0
2026-07-14 01:40:00,79.01,79.09,78.86,78.91,490.0
2026-07-14 01:45:00,78.93,79.05,78.83,79.03,365.0
2026-07-14 01:50:00,79.03,79.23,78.94,79.17,446.0
2026-07-14 01:55:00,79.18,79.45,79.17,79.35,333.0
2026-07-14 02:00:00,79.39,79.54,79.31,79.53,412.0
2026-07-14 02:05:00,79.55,79.72,79.49,79.65,420.0
2026-07-14 02:10:00,79.66,79.67,79.5,79.64,352.0
2026-07-14 02:15:00,79.61,79.64,79.54,79.55,282.0
2026-07-14 02:20:00,79.55,79.89,79.47,79.89,466.0
2026-07-14 02:25:00,79.9,80.32,79.85,80.22,997.0
2026-07-14 02:30:00,80.22,80.28,79.97,80.27,855.0
2026-07-14 02:35:00,80.26,80.29,80.09,80.1,389.0
2026-07-14 02:40:00,80.08,80.32,79.98,80.28,489.0
2026-07-14 02:45:00,80.29,80.58,80.27,80.56,870.0
2026-07-14 02:50:00,80.53,80.58,80.33,80.44,370.0
2026-07-14 02:55:00,80.44,80.48,80.27,80.44,481.0
2026-07-14 03:00:00,80.43,80.64,80.14,80.17,949.0
2026-07-14 03:05:00,80.19,80.27,79.97,80.25,763.0
2026-07-14 03:10:00,80.22,80.39,80.06,80.06,436.0
2026-07-14 03:15:00,80.1,80.39,79.97,80.33,634.0
2026-07-14 03:20:00,80.33,80.48,80.31,80.37,518.0
2026-07-14 03:25:00,80.35,80.43,80.21,80.42,839.0
2026-07-14 03:30:00,80.44,80.93,80.44,80.8,1203.0
2026-07-14 03:35:00,80.8,80.87,80.59,80.67,616.0
2026-07-14 03:40:00,80.66,80.93,80.65,80.88,644.0
2026-07-14 03:45:00,80.86,80.92,80.35,80.36,1023.0
2026-07-14 03:50:00,80.37,80.44,80.09,80.28,1043.0
2026-07-14 03:55:00,80.28,80.62,80.28,80.38,628.0
2026-07-14 04:00:00,80.39,81.1,80.34,80.86,1577.0
2026-07-14 04:05:00,80.86,81.13,80.8,81.03,900.0
2026-07-14 04:10:00,81.04,81.05,80.53,80.59,1164.0
2026-07-14 04:15:00,80.58,80.58,80.19,80.2,1061.0
2026-07-14 04:20:00,80.22,80.26,80.0,80.2,965.0
2026-07-14 04:25:00,80.17,80.39,79.97,80.36,1535.0
2026-07-14 04:30:00,80.37,80.61,80.3,80.46,955.0
2026-07-14 04:35:00,80.47,80.57,80.36,80.42,447.0
2026-07-14 04:40:00,80.43,80.71,80.42,80.56,754.0
2026-07-14 04:45:00,80.58,80.66,80.44,80.63,445.0
2026-07-14 04:50:00,80.62,80.68,80.41,80.41,507.0
2026-07-14 04:55:00,80.43,81.06,80.35,81.03,1180.0
2026-07-14 05:00:00,81.04,81.25,81.03,81.03,1183.0
2026-07-14 05:05:00,81.0,81.18,80.58,80.67,969.0
2026-07-14 05:10:00,80.64,80.7,80.13,80.15,1124.0
2026-07-14 05:15:00,80.15,80.41,80.03,80.32,1211.0
2026-07-14 05:20:00,80.33,80.65,80.29,80.52,627.0
2026-07-14 05:25:00,80.53,80.75,80.46,80.68,363.0
2026-07-14 05:30:00,80.68,80.68,80.35,80.43,360.0
2026-07-14 05:35:00,80.43,80.45,80.25,80.32,296.0
2026-07-14 05:40:00,80.32,80.39,80.21,80.39,445.0
2026-07-14 05:45:00,80.38,80.43,80.16,80.21,383.0
2026-07-14 05:50:00,80.22,80.6,80.22,80.56,813.0
2026-07-14 05:55:00,80.56,80.68,80.55,80.58,767.0
2026-07-14 06:00:00,80.59,80.82,80.51,80.62,615.0
2026-07-14 06:05:00,80.64,80.91,80.63,80.87,570.0
2026-07-14 06:10:00,80.88,81.07,80.84,80.98,634.0
2026-07-14 06:15:00,80.98,81.06,80.77,80.78,441.0
2026-07-14 06:20:00,80.77,80.82,80.66,80.7,343.0
2026-07-14 06:25:00,80.7,81.04,80.7,80.86,606.0
2026-07-14 06:30:00,80.88,81.27,80.88,81.06,1132.0
2026-07-14 06:35:00,81.07,81.09,80.3,80.58,1399.0
2026-07-14 06:40:00,80.6,80.8,80.59,80.73,553.0
2026-07-14 06:45:00,80.74,80.86,80.73,80.81,421.0
2026-07-14 06:50:00,80.83,81.1,80.83,81.01,631.0
2026-07-14 06:55:00,81.03,81.11,80.85,80.92,587.0
2026-07-14 07:00:00,80.92,81.05,80.81,80.91,733.0
2026-07-14 07:05:00,80.9,80.91,80.78,80.81,249.0
2026-07-14 07:10:00,80.8,80.8,80.37,80.47,1036.0
2026-07-14 07:15:00,80.47,80.62,80.21,80.26,690.0
2026-07-14 07:20:00,80.25,80.38,80.0,80.02,971.0
2026-07-14 07:25:00,80.02,80.11,79.94,79.98,930.0
2026-07-14 07:30:00,79.97,79.97,79.5,79.82,1812.0
2026-07-14 07:35:00,79.81,79.84,79.56,79.66,850.0
2026-07-14 07:40:00,79.64,79.88,79.64,79.84,672.0
2026-07-14 07:45:00,79.84,79.91,79.52,79.82,1085.0
2026-07-14 07:50:00,79.82,79.9,79.62,79.7,658.0
2026-07-14 07:55:00,79.7,79.74,79.47,79.54,989.0
2026-07-14 08:00:00,79.54,79.78,79.48,79.76,658.0
2026-07-14 08:05:00,79.74,80.05,79.71,80.01,939.0
2026-07-14 08:10:00,80.02,80.1,79.91,80.02,818.0
2026-07-14 08:15:00,80.0,80.14,79.94,80.07,657.0
2026-07-14 08:20:00,80.08,80.17,79.77,79.78,734.0
2026-07-14 08:25:00,79.77,80.08,79.75,80.06,616.0
2026-07-14 08:30:00,80.07,80.44,79.77,80.39,1608.0
2026-07-14 08:35:00,80.38,80.62,80.36,80.59,1087.0
2026-07-14 08:40:00,80.59,80.65,80.46,80.5,870.0
2026-07-14 08:45:00,80.48,80.77,80.44,80.77,1314.0
2026-07-14 08:50:00,80.77,80.88,80.74,80.77,1285.0
2026-07-14 08:55:00,80.76,80.77,80.59,80.71,1540.0
2026-07-14 09:00:00,80.7,80.96,80.57,80.86,2647.0
2026-07-14 09:05:00,80.87,80.95,80.54,80.83,1410.0
2026-07-14 09:10:00,80.83,80.87,80.45,80.48,1586.0
2026-07-14 09:15:00,80.49,80.63,80.43,80.56,1186.0
2026-07-14 09:20:00,80.57,80.63,79.84,79.95,2415.0
2026-07-14 09:25:00,79.96,80.14,79.9,80.04,1582.0
2026-07-14 09:30:00,80.04,80.53,80.0,80.28,1891.0
2026-07-14 09:35:00,80.28,80.43,79.72,79.79,2541.0
2026-07-14 09:40:00,79.8,80.14,79.68,79.71,1954.0
2026-07-14 09:45:00,79.71,80.11,79.59,80.05,2135.0
2026-07-14 09:50:00,80.02,80.19,79.91,80.06,1173.0
2026-07-14 09:55:00,80.07,80.13,79.82,79.93,1179.0
2026-07-14 10:00:00,79.94,79.96,79.64,79.77,1450.0
2026-07-14 10:05:00,79.78,79.79,79.37,79.57,2246.0
2026-07-14 10:10:00,79.57,79.89,79.5,79.81,1324.0
2026-07-14 10:15:00,79.81,80.0,79.61,79.67,1548.0
2026-07-14 10:20:00,79.69,79.73,79.41,79.49,1221.0
2026-07-14 10:25:00,79.47,79.64,79.32,79.42,1496.0
2026-07-14 10:30:00,79.41,79.51,78.12,79.0,2921.0
2026-07-14 10:35:00,79.0,79.3,78.92,79.09,2602.0
2026-07-14 10:40:00,79.08,79.36,79.07,79.34,1320.0
2026-07-14 10:45:00,79.32,79.35,79.13,79.18,754.0
2026-07-14 10:50:00,79.17,79.18,78.61,78.72,3047.0
2026-07-14 10:55:00,78.71,78.87,78.64,78.84,1809.0
2026-07-14 11:00:00,78.84,79.03,77.91,78.5,2276.0
2026-07-14 11:05:00,78.49,78.53,77.84,78.02,6073.0
2026-07-14 11:10:00,78.03,78.6,77.96,78.6,2766.0
2026-07-14 11:15:00,78.6,78.82,78.55,78.72,2250.0
2026-07-14 11:20:00,78.76,78.99,78.62,78.84,2127.0
2026-07-14 11:25:00,78.83,78.89,78.49,78.55,2357.0
2026-07-14 11:30:00,78.56,79.42,78.56,79.38,4136.0
2026-07-14 11:35:00,79.39,79.59,79.33,79.55,2295.0
2026-07-14 11:40:00,79.56,79.74,79.51,79.55,2058.0
2026-07-14 11:45:00,79.55,79.65,79.39,79.64,1369.0
2026-07-14 11:50:00,79.66,79.79,79.63,79.77,2014.0
2026-07-14 11:55:00,79.76,79.79,79.46,79.48,1269.0
2026-07-14 12:00:00,79.48,79.62,79.38,79.53,1343.0
2026-07-14 12:05:00,79.52,79.63,79.23,79.32,1509.0
2026-07-14 12:10:00,79.32,79.32,78.93,79.06,1978.0
2026-07-14 12:15:00,79.04,79.04,78.79,78.99,1050.0
2026-07-14 12:20:00,78.98,79.42,78.97,79.18,1536.0
2026-07-14 12:25:00,79.18,79.39,79.14,79.35,598.0
2026-07-14 12:30:00,79.35,79.39,79.19,79.34,604.0
2026-07-14 12:35:00,79.33,79.34,79.02,79.08,690.0
2026-07-14 12:40:00,79.07,79.16,78.96,79.13,539.0
2026-07-14 12:45:00,79.12,79.39,79.07,79.34,687.0
2026-07-14 12:50:00,79.36,79.36,79.13,79.24,563.0
2026-07-14 12:55:00,79.23,79.38,79.19,79.2,662.0
2026-07-14 13:00:00,79.2,79.32,79.08,79.11,865.0
2026-07-14 13:05:00,79.11,79.23,78.95,78.96,498.0
2026-07-14 13:10:00,78.96,79.11,78.81,79.1,1031.0
2026-07-14 13:15:00,79.1,79.27,79.06,79.17,788.0
2026-07-14 13:20:00,79.17,79.18,78.97,79.08,530.0
2026-07-14 13:25:00,79.06,79.11,78.97,79.08,535.0
2026-07-14 13:30:00,79.07,79.16,78.97,79.13,902.0
2026-07-14 13:35:00,79.12,79.16,78.86,78.86,848.0
2026-07-14 13:40:00,78.85,79.0,78.78,78.94,804.0
2026-07-14 13:45:00,78.94,79.07,78.57,78.57,1178.0
2026-07-14 13:50:00,78.56,78.76,78.47,78.64,1326.0
2026-07-14 13:55:00,78.64,78.75,78.63,78.73,465.0
2026-07-14 14:00:00,78.74,79.1,78.72,79.04,966.0
2026-07-14 14:05:00,79.04,79.17,79.03,79.12,939.0
2026-07-14 14:10:00,79.12,79.12,78.86,78.89,1071.0
2026-07-14 14:15:00,78.88,79.15,78.83,79.09,921.0
2026-07-14 14:20:00,79.08,79.21,79.06,79.15,763.0
2026-07-14 14:25:00,79.14,79.4,79.12,79.4,4456.0
2026-07-14 14:30:00,79.41,79.61,79.38,79.4,1373.0
2026-07-14 14:35:00,79.38,79.63,79.32,79.56,1474.0
2026-07-14 14:40:00,79.56,79.85,79.53,79.57,1628.0
2026-07-14 14:45:00,79.58,79.77,79.52,79.77,539.0
2026-07-14 14:50:00,79.76,79.77,79.6,79.64,646.0
2026-07-14 14:55:00,79.63,79.67,79.53,79.63,447.0
2026-07-14 15:00:00,79.64,79.8,79.61,79.69,368.0
2026-07-14 15:05:00,79.71,79.73,79.58,79.69,496.0
2026-07-14 15:10:00,79.69,79.77,79.61,79.67,314.0
2026-07-14 15:15:00,79.67,79.79,79.53,79.68,908.0
2026-07-14 15:20:00,79.67,79.67,79.49,79.56,575.0
2026-07-14 15:25:00,79.54,79.61,79.52,79.59,185.0
2026-07-14 15:30:00,79.59,79.94,79.58,79.9,1061.0
2026-07-14 15:35:00,79.89,79.96,79.78,79.78,291.0
2026-07-14 15:40:00,79.79,79.79,79.63,79.67,406.0
2026-07-14 15:45:00,79.67,79.73,79.58,79.61,216.0
2026-07-14 15:50:00,79.64,79.71,79.64,79.69,97.0
2026-07-14 15:55:00,79.7,79.81,79.63,79.7,421.0
2026-07-14 16:00:00,79.68,79.92,79.67,79.84,327.0
2026-07-14 16:05:00,79.81,79.88,79.8,79.81,102.0
2026-07-14 16:10:00,79.81,79.87,79.81,79.86,65.0
2026-07-14 16:15:00,79.86,79.89,79.82,79.88,39.0
2026-07-14 16:20:00,79.87,79.96,79.84,79.95,133.0
2026-07-14 16:25:00,79.94,80.01,79.94,79.95,193.0
2026-07-14 16:30:00,79.95,80.25,79.93,80.2,357.0
2026-07-14 16:35:00,80.2,80.28,80.03,80.03,178.0
2026-07-14 16:40:00,80.05,80.07,79.95,80.0,125.0
2026-07-14 16:45:00,80.01,80.02,79.83,79.92,281.0
2026-07-14 16:50:00,79.91,79.92,79.8,79.85,151.0
2026-07-14 16:55:00,79.86,79.9,79.8,79.83,301.0
2026-07-14 18:00:00,79.74,79.97,79.59,79.91,231.0
2026-07-14 18:05:00,79.9,80.18,79.88,79.95,266.0
2026-07-14 18:10:00,79.97,80.24,79.92,80.0,368.0
2026-07-14 18:15:00,79.99,79.99,79.83,79.99,154.0
2026-07-14 18:20:00,79.97,80.02,79.91,80.01,61.0
2026-07-14 18:25:00,80.02,80.06,79.86,79.86,72.0
2026-07-14 18:30:00,79.86,79.96,79.83,79.95,116.0
2026-07-14 18:35:00,79.97,79.98,79.84,79.93,190.0
2026-07-14 18:40:00,79.95,80.0,79.9,79.97,90.0
2026-07-14 18:45:00,79.94,79.95,79.92,79.95,9.0
2026-07-14 18:50:00,79.95,79.95,79.94,79.94,9.0
2026-07-14 18:55:00,79.94,79.95,79.9,79.9,16.0
2026-07-14 19:00:00,79.94,79.96,79.87,79.88,62.0
2026-07-14 19:05:00,79.9,79.93,79.89,79.93,31.0
2026-07-14 19:10:00,79.91,79.93,79.91,79.93,6.0
2026-07-14 19:15:00,79.94,79.96,79.93,79.94,15.0
2026-07-14 19:20:00,79.95,79.98,79.89,79.91,127.0
2026-07-14 19:25:00,79.9,79.9,79.68,79.76,173.0
2026-07-14 19:30:00,79.77,79.86,79.75,79.84,61.0
2026-07-14 19:35:00,79.85,79.87,79.82,79.87,24.0
2026-07-14 19:40:00,79.87,79.9,79.84,79.89,60.0
2026-07-14 19:45:00,79.88,79.93,79.84,79.84,41.0
2026-07-14 19:50:00,79.84,79.88,79.81,79.82,70.0
2026-07-14 19:55:00,79.82,79.87,79.81,79.87,97.0
2026-07-14 20:00:00,79.84,80.0,79.61,80.0,576.0
2026-07-14 20:05:00,79.99,80.13,79.95,80.1,236.0
2026-07-14 20:10:00,80.09,80.22,80.05,80.22,218.0
2026-07-14 20:15:00,80.21,80.25,80.16,80.23,158.0
2026-07-14 20:20:00,80.24,80.28,80.11,80.27,133.0
2026-07-14 20:25:00,80.29,80.33,80.18,80.26,169.0
2026-07-14 20:30:00,80.29,80.47,80.29,80.46,193.0
2026-07-14 20:35:00,80.45,80.56,80.44,80.54,179.0
2026-07-14 20:40:00,80.52,80.56,80.44,80.51,132.0
2026-07-14 20:45:00,80.54,80.59,80.49,80.51,192.0
2026-07-14 20:50:00,80.51,80.51,80.29,80.4,156.0
2026-07-14 20:55:00,80.4,80.4,80.2,80.2,280.0
2026-07-14 21:00:00,80.2,80.21,79.91,79.91,937.0
2026-07-14 21:05:00,79.92,80.06,79.87,79.89,272.0
2026-07-14 21:10:00,79.89,80.02,79.86,79.97,130.0
2026-07-14 21:15:00,79.96,79.96,79.83,79.9,207.0
2026-07-14 21:20:00,79.88,79.93,79.77,79.91,223.0
2026-07-14 21:25:00,79.9,80.09,79.85,80.08,142.0
2026-07-14 21:30:00,80.08,80.09,79.9,79.97,84.0
2026-07-14 21:35:00,80.02,80.05,79.91,80.02,102.0
2026-07-14 21:40:00,80.01,80.11,79.95,80.07,135.0
2026-07-14 21:45:00,80.0,80.1,79.96,80.09,52.0
2026-07-14 21:50:00,80.09,80.16,80.05,80.13,109.0
2026-07-14 21:55:00,80.14,80.25,80.13,80.21,267.0
2026-07-14 22:00:00,80.23,80.37,80.18,80.35,202.0
2026-07-14 22:05:00,80.35,80.35,80.14,80.19,138.0
2026-07-14 22:10:00,80.17,80.21,80.04,80.12,171.0
2026-07-14 22:15:00,80.1,80.17,80.1,80.13,39.0
2026-07-14 22:20:00,80.15,80.17,80.13,80.15,28.0
2026-07-14 22:25:00,80.16,80.23,80.16,80.2,72.0
2026-07-14 22:30:00,80.19,80.25,80.15,80.19,106.0
2026-07-14 22:35:00,80.2,80.29,80.19,80.28,81.0
2026-07-14 22:40:00,80.28,80.28,80.18,80.23,33.0
2026-07-14 22:45:00,80.22,80.42,80.22,80.35,297.0
2026-07-14 22:50:00,80.37,80.43,80.34,80.39,202.0
2026-07-14 22:55:00,80.38,80.41,80.22,80.3,202.0
2026-07-14 23:00:00,80.29,80.31,80.16,80.19,77.0
2026-07-14 23:05:00,80.18,80.22,80.12,80.12,72.0
2026-07-14 23:10:00,80.16,80.25,80.16,80.21,62.0
2026-07-14 23:15:00,80.21,80.29,80.18,80.29,86.0
2026-07-14 23:20:00,80.24,80.27,80.19,80.19,55.0
2026-07-14 23:25:00,80.2,80.2,80.07,80.09,227.0
2026-07-14 23:30:00,80.1,80.17,80.0,80.16,399.0
2026-07-14 23:35:00,80.17,80.24,80.15,80.15,143.0
2026-07-14 23:40:00,80.16,80.21,80.13,80.14,96.0
2026-07-14 23:45:00,80.15,80.15,79.98,79.99,206.0
2026-07-14 23:50:00,79.98,79.98,79.82,79.92,278.0
2026-07-14 23:55:00,79.93,80.03,79.87,79.93,185.0
2026-07-15 00:00:00,79.95,80.07,79.95,80.03,95.0
2026-07-15 00:05:00,80.03,80.07,80.01,80.05,59.0
2026-07-15 00:10:00,80.04,80.07,79.95,79.97,171.0
2026-07-15 00:15:00,80.0,80.02,79.84,79.88,155.0
2026-07-15 00:20:00,79.89,79.92,79.81,79.81,111.0
2026-07-15 00:25:00,79.81,79.85,79.75,79.85,111.0
2026-07-15 00:30:00,79.86,79.9,79.82,79.86,43.0
2026-07-15 00:35:00,79.86,79.86,79.71,79.79,172.0
2026-07-15 00:40:00,79.78,79.83,79.78,79.82,41.0
2026-07-15 00:45:00,79.8,79.8,79.72,79.73,46.0
2026-07-15 00:50:00,79.74,79.77,79.71,79.72,80.0
2026-07-15 00:55:00,79.74,79.79,79.66,79.78,150.0
2026-07-15 01:00:00,79.78,79.99,79.77,79.93,274.0
2026-07-15 01:05:00,79.91,79.91,79.8,79.86,98.0
2026-07-15 01:10:00,79.85,79.9,79.75,79.76,63.0
2026-07-15 01:15:00,79.77,79.85,79.73,79.77,111.0
2026-07-15 01:20:00,79.78,79.84,79.77,79.84,59.0
2026-07-15 01:25:00,79.85,79.93,79.85,79.87,90.0
2026-07-15 01:30:00,79.88,79.9,79.74,79.78,236.0
2026-07-15 01:35:00,79.76,79.76,79.48,79.54,490.0
2026-07-15 01:40:00,79.55,79.87,79.52,79.83,205.0
2026-07-15 01:45:00,79.85,79.9,79.75,79.77,179.0
2026-07-15 01:50:00,79.82,79.85,79.61,79.63,116.0
2026-07-15 01:55:00,79.64,79.74,79.62,79.73,90.0
2026-07-15 02:00:00,79.72,79.78,79.66,79.69,135.0
2026-07-15 02:05:00,79.69,79.86,79.69,79.69,161.0
2026-07-15 02:10:00,79.68,79.71,79.64,79.69,129.0
2026-07-15 02:15:00,79.68,79.82,79.63,79.64,161.0
2026-07-15 02:20:00,79.66,79.67,79.49,79.54,205.0
2026-07-15 02:25:00,79.55,79.75,79.55,79.72,210.0
2026-07-15 02:30:00,79.7,79.79,79.66,79.67,83.0
2026-07-15 02:35:00,79.68,79.71,79.62,79.69,155.0
2026-07-15 02:40:00,79.68,79.69,79.57,79.64,119.0
2026-07-15 02:45:00,79.64,79.79,79.59,79.79,108.0
2026-07-15 02:50:00,79.77,79.89,79.74,79.88,175.0
2026-07-15 02:55:00,79.87,80.03,79.86,79.98,519.0
2026-07-15 03:00:00,79.99,80.32,79.99,80.24,619.0
2026-07-15 03:05:00,80.25,80.29,80.1,80.18,380.0
2026-07-15 03:10:00,80.18,80.41,80.16,80.19,453.0
2026-07-15 03:15:00,80.2,80.36,80.2,80.3,183.0
2026-07-15 03:20:00,80.29,80.32,80.13,80.31,209.0
2026-07-15 03:25:00,80.29,80.49,80.28,80.34,283.0
2026-07-15 03:30:00,80.36,80.46,80.33,80.35,273.0
2026-07-15 03:35:00,80.37,80.4,80.15,80.23,309.0
2026-07-15 03:40:00,80.23,80.49,80.14,80.4,360.0
2026-07-15 03:45:00,80.39,80.43,80.21,80.23,243.0
2026-07-15 03:50:00,80.23,80.56,80.22,80.49,401.0
2026-07-15 03:55:00,80.52,80.63,80.5,80.52,425.0
2026-07-15 04:00:00,80.55,80.88,80.52,80.84,826.0
2026-07-15 04:05:00,80.83,80.84,80.65,80.72,549.0
2026-07-15 04:10:00,80.75,80.93,80.75,80.81,585.0
2026-07-15 04:15:00,80.8,80.8,80.45,80.49,664.0
2026-07-15 04:20:00,80.5,80.53,80.35,80.44,582.0
2026-07-15 04:25:00,80.43,80.43,79.82,79.85,1982.0
2026-07-15 04:30:00,79.84,79.95,79.66,79.93,1349.0
2026-07-15 04:35:00,79.92,79.94,79.8,79.92,272.0
2026-07-15 04:40:00,79.91,80.02,79.72,79.78,440.0
2026-07-15 04:45:00,79.78,79.85,79.58,79.75,564.0
2026-07-15 04:50:00,79.75,79.75,79.46,79.64,629.0
2026-07-15 04:55:00,79.64,79.65,79.34,79.4,594.0
2026-07-15 05:00:00,79.4,79.55,79.3,79.45,607.0
2026-07-15 05:05:00,79.45,79.54,79.31,79.42,488.0
2026-07-15 05:10:00,79.43,79.64,79.43,79.58,331.0
2026-07-15 05:15:00,79.59,79.88,79.58,79.85,454.0
2026-07-15 05:20:00,79.84,79.96,79.8,79.84,335.0
2026-07-15 05:25:00,79.85,79.98,79.85,79.94,218.0
2026-07-15 05:30:00,79.95,80.02,79.82,79.9,367.0
2026-07-15 05:35:00,79.9,79.96,79.84,79.92,250.0
2026-07-15 05:40:00,79.93,79.93,79.72,79.78,253.0
2026-07-15 05:45:00,79.79,80.11,79.78,80.05,388.0
2026-07-15 05:50:00,80.06,80.17,80.04,80.06,316.0
2026-07-15 05:55:00,80.05,80.17,80.04,80.13,163.0
2026-07-15 06:00:00,80.13,80.13,79.94,80.04,345.0
2026-07-15 06:05:00,80.05,80.27,80.03,80.21,312.0
2026-07-15 06:10:00,80.2,80.29,80.18,80.2,194.0
2026-07-15 06:15:00,80.19,80.19,80.01,80.1,221.0
2026-07-15 06:20:00,80.1,80.26,80.01,80.26,642.0
2026-07-15 06:25:00,80.26,80.34,80.19,80.28,292.0
2026-07-15 06:30:00,80.28,80.3,80.12,80.21,248.0
2026-07-15 06:35:00,80.21,80.21,80.06,80.09,186.0
2026-07-15 06:40:00,80.08,80.08,79.93,80.02,273.0
2026-07-15 06:45:00,80.02,80.13,79.96,80.05,210.0
2026-07-15 06:50:00,80.07,80.12,79.95,79.95,226.0
2026-07-15 06:55:00,79.99,80.04,79.85,79.87,292.0
2026-07-15 07:00:00,79.87,79.94,79.73,79.92,467.0
2026-07-15 07:05:00,79.92,80.02,79.91,79.96,296.0
2026-07-15 07:10:00,79.99,80.09,79.95,80.03,187.0
2026-07-15 07:15:00,80.04,80.07,79.82,79.86,297.0
2026-07-15 07:20:00,79.86,79.88,79.75,79.77,223.0
2026-07-15 07:25:00,79.78,79.87,79.74,79.74,292.0
2026-07-15 07:30:00,79.74,79.89,79.74,79.88,342.0
2026-07-15 07:35:00,79.88,79.91,79.72,79.78,431.0
2026-07-15 07:40:00,79.77,79.84,79.75,79.8,185.0
2026-07-15 07:45:00,79.79,79.79,79.65,79.72,314.0
2026-07-15 07:50:00,79.71,79.71,79.4,79.45,1016.0
2026-07-15 07:55:00,79.45,79.58,79.36,79.56,702.0
2026-07-15 08:00:00,79.56,79.77,79.56,79.66,371.0
2026-07-15 08:05:00,79.66,79.76,79.63,79.65,320.0
2026-07-15 08:10:00,79.67,79.78,79.59,79.62,487.0
2026-07-15 08:15:00,79.64,79.69,79.54,79.64,301.0
2026-07-15 08:20:00,79.66,79.88,79.63,79.87,363.0
2026-07-15 08:25:00,79.87,79.94,79.76,79.85,337.0
2026-07-15 08:30:00,79.86,79.88,79.76,79.86,296.0
2026-07-15 08:35:00,79.82,79.9,79.75,79.82,483.0
2026-07-15 08:40:00,79.81,79.84,79.65,79.71,354.0
2026-07-15 08:45:00,79.73,79.74,79.6,79.69,369.0
2026-07-15 08:50:00,79.68,79.85,79.67,79.81,183.0
2026-07-15 08:55:00,79.81,79.85,79.73,79.78,418.0
2026-07-15 09:00:00,79.77,79.93,79.6,79.7,1250.0
2026-07-15 09:05:00,79.72,80.0,79.68,79.97,1158.0
2026-07-15 09:10:00,79.97,80.28,79.95,80.24,1499.0
2026-07-15 09:15:00,80.24,80.36,80.16,80.19,977.0
2026-07-15 09:20:00,80.18,80.27,80.06,80.21,968.0
2026-07-15 09:25:00,80.21,80.45,80.21,80.38,828.0
2026-07-15 09:30:00,80.38,80.39,79.99,80.07,1007.0
2026-07-15 09:35:00,80.06,80.1,79.81,79.89,1088.0
2026-07-15 09:40:00,79.88,80.03,79.84,79.95,469.0
2026-07-15 09:45:00,79.95,80.08,79.88,79.97,487.0
2026-07-15 09:50:00,79.97,80.18,79.97,80.15,441.0
2026-07-15 09:55:00,80.17,80.18,79.38,79.78,4255.0
2026-07-15 10:00:00,79.79,79.86,79.7,79.75,1178.0
2026-07-15 10:05:00,79.73,79.79,79.53,79.58,820.0
2026-07-15 10:10:00,79.58,79.8,79.55,79.8,711.0
2026-07-15 10:15:00,79.8,79.85,79.66,79.66,473.0
2026-07-15 10:20:00,79.67,79.71,79.49,79.51,464.0
2026-07-15 10:25:00,79.52,79.53,79.22,79.47,1251.0
2026-07-15 10:30:00,79.49,79.49,79.07,79.26,1487.0
2026-07-15 10:35:00,79.26,79.35,79.05,79.21,1100.0
2026-07-15 10:40:00,79.25,79.41,79.22,79.3,748.0
2026-07-15 10:45:00,79.29,79.3,78.84,78.86,1296.0
2026-07-15 10:50:00,78.86,78.9,78.65,78.65,2841.0
2026-07-15 10:55:00,78.65,78.72,78.56,78.64,1337.0
2026-07-15 11:00:00,78.64,78.91,78.61,78.83,1324.0
2026-07-15 11:05:00,78.83,78.9,78.58,78.71,989.0
2026-07-15 11:10:00,78.72,78.91,78.69,78.89,929.0
2026-07-15 11:15:00,78.9,78.98,78.65,78.69,759.0
2026-07-15 11:20:00,78.67,78.84,78.45,78.46,972.0
2026-07-15 11:25:00,78.46,78.51,78.32,78.4,2812.0
2026-07-15 11:30:00,78.39,78.6,78.24,78.33,2220.0
2026-07-15 11:35:00,78.32,78.81,78.19,78.81,2296.0
2026-07-15 11:40:00,78.8,78.81,78.45,78.58,819.0
2026-07-15 11:45:00,78.57,78.71,78.5,78.69,539.0
2026-07-15 11:50:00,78.69,78.77,78.57,78.59,481.0
2026-07-15 11:55:00,78.63,78.89,78.61,78.87,706.0
2026-07-15 12:00:00,78.89,79.03,78.84,78.92,1089.0
2026-07-15 12:05:00,78.92,79.1,78.89,79.1,514.0
2026-07-15 12:10:00,79.09,79.21,78.98,79.01,701.0
2026-07-15 12:15:00,79.02,79.06,78.95,79.04,418.0
2026-07-15 12:20:00,79.04,79.4,79.02,79.34,963.0
2026-07-15 12:25:00,79.33,79.36,79.15,79.21,829.0
2026-07-15 12:30:00,79.22,79.37,79.14,79.36,513.0
2026-07-15 12:35:00,79.36,79.48,79.31,79.43,737.0
2026-07-15 12:40:00,79.44,79.5,79.35,79.49,523.0
2026-07-15 12:45:00,79.49,79.53,78.83,79.37,2173.0
2026-07-15 12:50:00,79.37,79.64,79.35,79.6,1051.0
2026-07-15 12:55:00,79.6,79.72,79.48,79.48,1047.0
2026-07-15 13:00:00,79.49,79.49,79.24,79.24,971.0
2026-07-15 13:05:00,79.26,79.28,79.1,79.27,553.0
2026-07-15 13:10:00,79.25,79.39,79.24,79.35,517.0
2026-07-15 13:15:00,79.36,79.42,79.27,79.31,261.0
2026-07-15 13:20:00,79.3,79.35,79.26,79.34,186.0
2026-07-15 13:25:00,79.35,79.35,78.97,78.99,1250.0
2026-07-15 13:30:00,78.98,79.1,78.78,79.1,1279.0
2026-07-15 13:35:00,79.09,79.18,78.99,79.12,585.0
2026-07-15 13:40:00,79.12,79.13,78.95,78.95,342.0
2026-07-15 13:45:00,78.97,79.03,78.89,78.9,356.0
2026-07-15 13:50:00,78.9,79.03,78.86,79.0,467.0
2026-07-15 13:55:00,79.0,79.02,78.93,78.98,293.0
2026-07-15 14:00:00,78.97,79.07,78.83,78.84,731.0
2026-07-15 14:05:00,78.83,79.21,78.83,79.15,592.0
2026-07-15 14:10:00,79.17,79.22,79.05,79.12,433.0
2026-07-15 14:15:00,79.12,79.36,79.12,79.24,549.0
2026-07-15 14:20:00,79.25,79.4,79.23,79.4,485.0
2026-07-15 14:25:00,79.4,79.69,79.31,79.66,2530.0
2026-07-15 14:30:00,79.66,79.84,79.61,79.79,1265.0
2026-07-15 14:35:00,79.79,79.88,79.75,79.85,400.0
2026-07-15 14:40:00,79.86,79.9,79.72,79.78,405.0
2026-07-15 14:45:00,79.78,79.85,79.64,79.71,1067.0
2026-07-15 14:50:00,79.72,79.76,79.66,79.73,239.0
2026-07-15 14:55:00,79.73,79.79,79.67,79.74,234.0
2026-07-15 15:00:00,79.75,79.77,79.68,79.69,122.0
2026-07-15 15:05:00,79.69,79.77,79.65,79.75,135.0
2026-07-15 15:10:00,79.75,79.78,79.58,79.68,1275.0
2026-07-15 15:15:00,79.66,79.75,79.56,79.75,419.0
2026-07-15 15:20:00,79.75,79.92,79.75,79.85,692.0
2026-07-15 15:25:00,79.85,79.91,79.81,79.89,344.0
2026-07-15 15:30:00,79.88,80.51,79.84,80.46,1640.0
2026-07-15 15:35:00,80.48,80.68,80.23,80.3,1053.0
2026-07-15 15:40:00,80.29,80.34,80.22,80.27,457.0
2026-07-15 15:45:00,80.26,80.38,80.26,80.36,212.0
2026-07-15 15:50:00,80.34,80.36,80.23,80.33,135.0
2026-07-15 15:55:00,80.31,80.38,80.26,80.32,261.0
2026-07-15 16:00:00,80.32,80.41,80.29,80.38,201.0
2026-07-15 16:05:00,80.38,80.51,80.32,80.45,444.0
2026-07-15 16:10:00,80.46,80.47,80.38,80.4,195.0
2026-07-15 16:15:00,80.4,80.4,80.19,80.2,363.0
2026-07-15 16:20:00,80.2,80.31,80.18,80.29,201.0
2026-07-15 16:25:00,80.28,80.35,80.27,80.3,101.0
2026-07-15 16:30:00,80.3,80.41,80.29,80.41,85.0
2026-07-15 16:35:00,80.39,80.41,80.34,80.36,194.0
2026-07-15 16:40:00,80.38,80.46,80.38,80.41,52.0
2026-07-15 16:45:00,80.43,80.43,80.35,80.35,90.0
2026-07-15 16:50:00,80.34,80.35,80.19,80.21,226.0
2026-07-15 16:55:00,80.22,80.27,80.19,80.24,112.0
2026-07-15 18:00:00,80.0,80.19,79.6,80.18,328.0
2026-07-15 18:05:00,80.17,80.27,80.12,80.16,47.0
2026-07-15 18:10:00,80.15,80.23,80.09,80.22,55.0
2026-07-15 18:15:00,80.22,80.29,80.21,80.23,93.0
2026-07-15 18:20:00,80.26,80.26,80.24,80.24,13.0
2026-07-15 18:25:00,80.21,80.37,80.21,80.34,72.0
2026-07-15 18:30:00,80.38,80.49,80.38,80.46,68.0
2026-07-15 18:35:00,80.47,80.47,80.35,80.42,144.0
2026-07-15 18:40:00,80.36,80.46,80.27,80.32,191.0
2026-07-15 18:45:00,80.33,80.36,80.31,80.31,11.0
2026-07-15 18:50:00,80.33,80.45,80.22,80.38,171.0
2026-07-15 18:55:00,80.4,80.59,80.29,80.29,197.0
2026-07-15 19:00:00,80.29,80.34,80.24,80.31,52.0
2026-07-15 19:05:00,80.3,80.34,80.3,80.34,16.0
2026-07-15 19:10:00,80.3,80.33,80.28,80.31,18.0
2026-07-15 19:15:00,80.29,80.29,80.21,80.21,21.0
2026-07-15 19:20:00,80.22,80.25,80.2,80.2,37.0
2026-07-15 19:25:00,80.21,80.23,80.18,80.18,27.0
2026-07-15 19:30:00,80.19,80.19,80.07,80.15,151.0
2026-07-15 19:35:00,80.16,80.19,80.14,80.19,14.0
2026-07-15 19:40:00,80.23,80.25,80.19,80.19,21.0
2026-07-15 19:45:00,80.14,80.17,80.14,80.17,17.0
2026-07-15 19:50:00,80.18,80.21,80.18,80.21,20.0
2026-07-15 19:55:00,80.2,80.22,80.14,80.22,33.0
2026-07-15 20:00:00,80.17,80.19,79.99,80.03,277.0
2026-07-15 20:05:00,80.04,80.08,79.97,79.98,199.0
2026-07-15 20:10:00,79.98,80.08,79.96,79.97,69.0
2026-07-15 20:15:00,79.98,80.02,79.94,79.97,103.0
2026-07-15 20:20:00,79.96,80.01,79.89,80.0,63.0
2026-07-15 20:25:00,80.02,80.06,79.98,79.99,117.0
2026-07-15 20:30:00,80.0,80.14,79.96,80.09,185.0
2026-07-15 20:35:00,80.08,80.13,80.08,80.12,36.0
2026-07-15 20:40:00,80.13,80.21,80.09,80.14,105.0
2026-07-15 20:45:00,80.16,80.16,80.07,80.11,52.0
2026-07-15 20:50:00,80.11,80.14,80.02,80.08,34.0
2026-07-15 20:55:00,80.07,80.16,80.07,80.14,52.0
2026-07-15 21:00:00,80.11,80.32,80.0,80.24,265.0
2026-07-15 21:05:00,80.23,80.31,80.13,80.3,101.0
2026-07-15 21:10:00,80.3,80.37,80.26,80.28,89.0
2026-07-15 21:15:00,80.27,80.27,80.12,80.15,59.0
2026-07-15 21:20:00,80.14,80.2,80.01,80.08,251.0
2026-07-15 21:25:00,80.08,80.23,80.08,80.15,103.0
2026-07-15 21:30:00,80.12,80.14,79.98,80.02,148.0
2026-07-15 21:35:00,80.02,80.1,79.96,80.04,61.0
2026-07-15 21:40:00,80.05,80.13,80.0,80.13,281.0
2026-07-15 21:45:00,80.13,80.27,80.01,80.18,134.0
2026-07-15 21:50:00,80.21,80.29,80.09,80.1,196.0
2026-07-15 21:55:00,80.09,80.15,79.95,80.05,270.0
2026-07-15 22:00:00,80.06,80.16,80.05,80.08,57.0
2026-07-15 22:05:00,80.12,80.14,80.04,80.11,94.0
2026-07-15 22:10:00,80.13,80.15,80.1,80.13,83.0
2026-07-15 22:15:00,80.12,80.12,80.08,80.09,47.0
2026-07-15 22:20:00,80.08,80.16,80.04,80.16,69.0
2026-07-15 22:25:00,80.18,80.28,80.17,80.23,124.0
2026-07-15 22:30:00,80.23,80.25,80.09,80.13,131.0
2026-07-15 22:35:00,80.1,80.1,80.01,80.08,93.0
2026-07-15 22:40:00,80.11,80.24,80.08,80.17,42.0
2026-07-15 22:45:00,80.18,80.18,80.09,80.13,61.0
2026-07-15 22:50:00,80.13,80.16,79.99,80.06,149.0
2026-07-15 22:55:00,80.09,80.11,80.02,80.04,204.0
2026-07-15 23:00:00,80.02,80.08,79.95,80.06,98.0
2026-07-15 23:05:00,80.01,80.01,79.87,79.97,132.0
2026-07-15 23:10:00,79.99,79.99,79.9,79.91,56.0
2026-07-15 23:15:00,79.89,79.89,79.7,79.77,246.0
2026-07-15 23:20:00,79.74,79.78,79.67,79.72,108.0
2026-07-15 23:25:00,79.69,79.73,79.65,79.72,148.0
2026-07-15 23:30:00,79.72,79.73,79.3,79.39,621.0
2026-07-15 23:35:00,79.37,79.46,79.27,79.43,193.0
2026-07-15 23:40:00,79.43,79.47,79.37,79.4,288.0
2026-07-15 23:45:00,79.38,79.45,79.37,79.4,89.0
2026-07-15 23:50:00,79.41,79.51,79.39,79.49,169.0
2026-07-15 23:55:00,79.5,79.57,79.49,79.55,133.0
2026-07-16 00:00:00,79.54,79.59,79.52,79.58,69.0
2026-07-16 00:05:00,79.56,79.61,79.53,79.56,151.0
2026-07-16 00:10:00,79.56,79.56,79.47,79.49,104.0
2026-07-16 00:15:00,79.52,79.53,79.48,79.49,30.0
2026-07-16 00:20:00,79.48,79.53,79.44,79.53,54.0
2026-07-16 00:25:00,79.57,79.57,79.49,79.49,36.0
2026-07-16 00:30:00,79.51,79.52,79.45,79.45,32.0
2026-07-16 00:35:00,79.46,79.46,79.4,79.43,42.0
2026-07-16 00:40:00,79.44,79.44,79.32,79.34,70.0
2026-07-16 00:45:00,79.33,79.34,79.26,79.29,107.0
2026-07-16 00:50:00,79.3,79.32,79.26,79.26,54.0
2026-07-16 00:55:00,79.27,79.39,79.27,79.37,48.0
2026-07-16 01:00:00,79.39,79.39,79.34,79.38,22.0
2026-07-16 01:05:00,79.34,79.35,79.27,79.33,63.0
2026-07-16 01:10:00,79.32,79.34,79.23,79.34,150.0
2026-07-16 01:15:00,79.34,79.42,79.26,79.4,158.0
2026-07-16 01:20:00,79.39,79.4,79.37,79.37,41.0
2026-07-16 01:25:00,79.38,79.4,79.29,79.29,107.0
2026-07-16 01:30:00,79.3,79.33,79.14,79.23,258.0
2026-07-16 01:35:00,79.21,79.4,79.21,79.36,39.0
2026-07-16 01:40:00,79.38,79.44,79.32,79.36,66.0
2026-07-16 01:45:00,79.36,79.38,79.28,79.32,59.0
2026-07-16 01:50:00,79.32,79.49,79.32,79.45,132.0
2026-07-16 01:55:00,79.46,79.46,79.39,79.39,84.0
2026-07-16 02:00:00,79.4,79.44,79.3,79.36,112.0
2026-07-16 02:05:00,79.36,79.61,79.36,79.6,306.0
2026-07-16 02:10:00,79.6,79.68,79.38,79.43,233.0
2026-07-16 02:15:00,79.43,79.49,79.32,79.47,214.0
2026-07-16 02:20:00,79.49,79.64,79.49,79.63,185.0
2026-07-16 02:25:00,79.62,79.67,79.53,79.56,371.0
2026-07-16 02:30:00,79.59,79.69,79.47,79.52,135.0
2026-07-16 02:35:00,79.53,79.53,79.3,79.42,269.0
2026-07-16 02:40:00,79.43,79.55,79.43,79.53,116.0
2026-07-16 02:45:00,79.56,79.61,79.31,79.33,175.0
2026-07-16 02:50:00,79.34,79.43,79.26,79.39,175.0
2026-07-16 02:55:00,79.38,79.44,79.34,79.41,91.0
2026-07-16 03:00:00,79.42,79.62,79.38,79.49,372.0
2026-07-16 03:05:00,79.48,79.53,79.37,79.47,298.0
2026-07-16 03:10:00,79.5,79.5,79.22,79.26,325.0
2026-07-16 03:15:00,79.27,79.43,79.25,79.38,169.0
2026-07-16 03:20:00,79.36,79.49,79.35,79.49,102.0
2026-07-16 03:25:00,79.49,79.74,79.49,79.7,321.0
2026-07-16 03:30:00,79.69,79.74,79.53,79.53,237.0
2026-07-16 03:35:00,79.53,79.71,79.52,79.71,113.0
2026-07-16 03:40:00,79.71,79.78,79.57,79.57,269.0
2026-07-16 03:45:00,79.57,79.6,79.46,79.6,311.0
2026-07-16 03:50:00,79.59,79.62,79.48,79.51,144.0
2026-07-16 03:55:00,79.52,79.58,79.49,79.54,312.0
2026-07-16 04:00:00,79.56,79.6,79.27,79.38,514.0
2026-07-16 04:05:00,79.38,79.57,79.33,79.52,303.0
2026-07-16 04:10:00,79.53,79.63,79.42,79.54,362.0
2026-07-16 04:15:00,79.53,79.56,79.44,79.5,76.0
2026-07-16 04:20:00,79.48,79.53,79.42,79.49,113.0
2026-07-16 04:25:00,79.48,79.55,79.4,79.42,551.0
2026-07-16 04:30:00,79.42,79.62,79.33,79.58,451.0
2026-07-16 04:35:00,79.58,79.67,79.41,79.64,341.0
2026-07-16 04:40:00,79.64,79.64,79.52,79.58,107.0
2026-07-16 04:45:00,79.59,79.59,79.38,79.41,160.0
2026-07-16 04:50:00,79.4,79.61,79.4,79.59,211.0
2026-07-16 04:55:00,79.58,79.58,79.28,79.31,308.0
2026-07-16 05:00:00,79.31,79.33,79.09,79.16,474.0
2026-07-16 05:05:00,79.15,79.18,78.98,79.14,793.0
2026-07-16 05:10:00,79.17,79.22,78.91,78.95,367.0
2026-07-16 05:15:00,78.96,79.25,78.95,79.25,239.0
2026-07-16 05:20:00,79.26,79.4,79.24,79.32,333.0
2026-07-16 05:25:00,79.32,79.32,79.07,79.08,661.0
2026-07-16 05:30:00,79.09,79.32,79.02,79.29,265.0
2026-07-16 05:35:00,79.28,79.49,79.25,79.46,582.0
2026-07-16 05:40:00,79.46,79.59,79.41,79.54,426.0
2026-07-16 05:45:00,79.52,79.66,79.52,79.61,535.0
2026-07-16 05:50:00,79.6,79.6,79.42,79.47,344.0
2026-07-16 05:55:00,79.44,79.55,79.44,79.55,267.0
2026-07-16 06:00:00,79.56,79.6,79.4,79.44,189.0
2026-07-16 06:05:00,79.45,79.6,79.45,79.53,194.0
2026-07-16 06:10:00,79.54,79.58,79.47,79.56,155.0
2026-07-16 06:15:00,79.56,79.61,79.42,79.47,118.0
2026-07-16 06:20:00,79.47,79.6,79.47,79.57,145.0
2026-07-16 06:25:00,79.56,79.6,79.52,79.58,155.0
2026-07-16 06:30:00,79.59,79.69,79.58,79.61,212.0
2026-07-16 06:35:00,79.61,79.65,79.54,79.6,92.0
2026-07-16 06:40:00,79.6,79.65,79.55,79.6,82.0
2026-07-16 06:45:00,79.59,79.61,79.44,79.56,346.0
2026-07-16 06:50:00,79.58,79.65,79.46,79.53,352.0
2026-07-16 06:55:00,79.56,79.69,79.56,79.62,274.0
2026-07-16 07:00:00,79.63,79.63,79.49,79.54,188.0
2026-07-16 07:05:00,79.53,79.54,79.34,79.35,258.0
2026-07-16 07:10:00,79.37,79.5,79.37,79.49,164.0
2026-07-16 07:15:00,79.5,79.58,79.39,79.4,229.0
2026-07-16 07:20:00,79.41,79.48,79.34,79.37,278.0
2026-07-16 07:25:00,79.37,79.45,79.33,79.39,176.0
2026-07-16 07:30:00,79.37,79.49,79.36,79.4,238.0
2026-07-16 07:35:00,79.4,79.55,79.39,79.44,269.0
2026-07-16 07:40:00,79.47,79.52,79.42,79.46,171.0
2026-07-16 07:45:00,79.46,80.1,79.35,80.05,881.0
2026-07-16 07:50:00,79.97,80.02,79.67,79.84,2064.0
2026-07-16 07:55:00,79.82,79.95,79.65,79.68,954.0
2026-07-16 08:00:00,79.66,79.96,79.63,79.94,738.0
2026-07-16 08:05:00,79.96,80.07,79.94,80.01,622.0
2026-07-16 08:10:00,80.01,80.19,80.0,80.1,576.0
2026-07-16 08:15:00,80.11,80.27,80.11,80.18,865.0
2026-07-16 08:20:00,80.19,80.43,80.16,80.37,1281.0
2026-07-16 08:25:00,80.38,80.73,80.37,80.44,1927.0
2026-07-16 08:30:00,80.45,80.6,80.31,80.5,1129.0
2026-07-16 08:35:00,80.52,80.65,80.5,80.64,862.0
2026-07-16 08:40:00,80.64,80.7,80.53,80.67,507.0
2026-07-16 08:45:00,80.68,80.68,80.28,80.41,731.0
2026-07-16 08:50:00,80.42,80.56,80.4,80.51,595.0
2026-07-16 08:55:00,80.51,80.63,80.48,80.5,548.0
2026-07-16 09:00:00,80.5,80.87,80.42,80.71,1462.0
2026-07-16 09:05:00,80.68,80.7,80.36,80.46,1336.0
2026-07-16 09:10:00,80.47,80.53,80.32,80.37,574.0
2026-07-16 09:15:00,80.34,80.55,80.33,80.46,710.0
2026-07-16 09:20:00,80.48,80.52,80.35,80.37,463.0
2026-07-16 09:25:00,80.37,80.39,80.12,80.15,934.0
2026-07-16 09:30:00,80.15,80.31,79.94,80.3,1147.0
2026-07-16 09:35:00,80.29,80.36,80.07,80.12,711.0
2026-07-16 09:40:00,80.1,80.13,79.87,80.0,835.0
2026-07-16 09:45:00,80.0,80.1,79.87,79.93,459.0
2026-07-16 09:50:00,79.92,80.06,79.89,79.97,416.0
2026-07-16 09:55:00,79.96,80.12,79.89,80.07,636.0
2026-07-16 10:00:00,80.09,80.09,79.71,79.71,810.0
2026-07-16 10:05:00,79.71,79.92,79.68,79.88,640.0
2026-07-16 10:10:00,79.88,79.99,79.87,79.94,419.0
2026-07-16 10:15:00,79.97,80.05,79.88,79.92,335.0
2026-07-16 10:20:00,79.91,80.31,79.9,80.19,862.0
2026-07-16 10:25:00,80.19,80.23,79.99,80.04,494.0
2026-07-16 10:30:00,80.05,80.07,79.95,80.04,389.0
2026-07-16 10:35:00,80.04,80.04,79.84,79.88,843.0
2026-07-16 10:40:00,79.89,79.98,79.78,79.79,621.0
2026-07-16 10:45:00,79.8,79.87,79.62,79.72,617.0
2026-07-16 10:50:00,79.71,79.8,79.62,79.63,476.0
2026-07-16 10:55:00,79.63,79.72,79.44,79.58,1210.0
2026-07-16 11:00:00,79.58,79.74,79.47,79.73,651.0
2026-07-16 11:05:00,79.73,79.77,79.54,79.58,415.0
2026-07-16 11:10:00,79.58,79.71,79.58,79.69,512.0
2026-07-16 11:15:00,79.68,79.72,79.61,79.62,308.0
2026-07-16 11:20:00,79.63,79.63,79.31,79.46,1058.0
2026-07-16 11:25:00,79.46,79.54,79.3,79.52,1035.0
2026-07-16 11:30:00,79.52,79.67,79.4,79.42,698.0
2026-07-16 11:35:00,79.43,79.45,79.3,79.3,503.0
2026-07-16 11:40:00,79.3,79.33,79.17,79.33,773.0
2026-07-16 11:45:00,79.34,79.44,79.32,79.33,570.0
2026-07-16 11:50:00,79.35,79.45,79.33,79.37,500.0
2026-07-16 11:55:00,79.38,79.39,79.31,79.35,318.0
2026-07-16 12:00:00,79.35,79.6,79.32,79.56,650.0
2026-07-16 12:05:00,79.57,79.71,79.5,79.53,598.0
2026-07-16 12:10:00,79.54,79.6,79.31,79.42,613.0
2026-07-16 12:15:00,79.43,79.65,79.33,79.54,797.0
2026-07-16 12:20:00,79.54,80.06,79.53,79.65,2408.0
2026-07-16 12:25:00,79.66,79.73,79.43,79.44,962.0
2026-07-16 12:30:00,79.44,79.45,79.28,79.3,880.0
2026-07-16 12:35:00,79.31,79.43,79.24,79.41,544.0
2026-07-16 12:40:00,79.39,79.43,79.3,79.36,323.0
2026-07-16 12:45:00,79.36,79.42,79.29,79.29,204.0
2026-07-16 12:50:00,79.29,79.32,78.97,79.02,798.0
2026-07-16 12:55:00,79.01,79.04,78.82,78.98,1431.0
2026-07-16 13:00:00,78.99,79.0,78.79,78.97,670.0
2026-07-16 13:05:00,78.97,79.04,78.91,79.03,266.0
2026-07-16 13:10:00,79.03,79.24,79.03,79.24,720.0
2026-07-16 13:15:00,79.24,79.25,79.04,79.05,599.0
2026-07-16 13:20:00,79.05,79.1,78.93,79.02,403.0
2026-07-16 13:25:00,79.02,79.04,78.92,78.94,386.0
2026-07-16 13:30:00,78.95,79.12,78.91,79.09,497.0
2026-07-16 13:35:00,79.08,79.12,79.02,79.04,330.0
2026-07-16 13:40:00,79.03,79.07,78.71,79.05,1165.0
2026-07-16 13:45:00,79.05,79.11,78.91,78.92,514.0
2026-07-16 13:50:00,78.9,78.9,78.71,78.8,520.0
2026-07-16 13:55:00,78.8,78.83,78.73,78.77,424.0
2026-07-16 14:00:00,78.77,78.78,78.61,78.78,492.0
2026-07-16 14:05:00,78.79,78.87,78.74,78.81,501.0
2026-07-16 14:10:00,78.81,78.83,78.6,78.69,649.0
2026-07-16 14:15:00,78.68,78.76,78.58,78.75,566.0
2026-07-16 14:20:00,78.74,79.03,78.64,79.02,985.0
2026-07-16 14:25:00,79.03,79.08,78.87,78.97,2544.0
2026-07-16 14:30:00,78.96,78.99,78.84,78.86,732.0
2026-07-16 14:35:00,78.88,78.91,78.75,78.89,256.0
2026-07-16 14:40:00,78.88,78.97,78.86,78.96,230.0
2026-07-16 14:45:00,78.96,79.08,78.94,79.01,470.0
2026-07-16 14:50:00,79.0,79.02,78.89,78.9,222.0
2026-07-16 14:55:00,78.89,79.02,78.89,79.0,201.0
2026-07-16 15:00:00,79.02,79.1,78.99,79.03,211.0
2026-07-16 15:05:00,79.02,79.08,78.98,79.02,171.0
2026-07-16 15:10:00,79.03,79.06,78.94,78.98,174.0
2026-07-16 15:15:00,78.98,79.01,78.97,79.01,74.0
2026-07-16 15:20:00,79.01,79.03,78.95,78.96,46.0
2026-07-16 15:25:00,78.95,79.0,78.95,78.98,71.0
2026-07-16 15:30:00,78.99,79.15,78.99,79.14,120.0
2026-07-16 15:35:00,79.14,79.18,79.01,79.06,344.0
2026-07-16 15:40:00,79.06,79.07,79.01,79.06,95.0
2026-07-16 15:45:00,79.07,79.08,79.03,79.07,80.0
2026-07-16 15:50:00,79.08,79.14,79.06,79.1,181.0
2026-07-16 15:55:00,79.1,79.12,79.03,79.06,153.0
2026-07-16 16:00:00,79.07,79.09,79.03,79.04,71.0
2026-07-16 16:05:00,79.04,79.1,78.86,78.87,226.0
2026-07-16 16:10:00,78.92,79.08,78.92,79.08,84.0
2026-07-16 16:15:00,79.09,79.14,79.07,79.14,63.0
2026-07-16 16:20:00,79.13,79.15,79.1,79.11,86.0
2026-07-16 16:25:00,79.12,79.13,79.08,79.12,21.0
2026-07-16 16:30:00,79.14,79.43,79.14,79.41,324.0
2026-07-16 16:35:00,79.39,79.6,79.32,79.47,258.0
2026-07-16 16:40:00,79.46,79.49,79.4,79.47,169.0
2026-07-16 16:45:00,79.45,79.69,79.41,79.66,232.0
2026-07-16 16:50:00,79.65,79.66,79.54,79.55,109.0
2026-07-16 16:55:00,79.55,79.6,79.51,79.58,184.0
2026-07-16 18:00:00,78.86,79.01,78.81,78.9,217.0
2026-07-16 18:05:00,78.9,78.96,78.9,78.91,114.0
2026-07-16 18:10:00,78.91,79.03,78.91,79.03,117.0
2026-07-16 18:15:00,79.05,79.07,79.04,79.06,90.0
2026-07-16 18:20:00,79.05,79.05,78.87,78.89,61.0
2026-07-16 18:25:00,78.9,78.96,78.88,78.96,49.0
2026-07-16 18:30:00,78.95,79.0,78.91,78.96,50.0
2026-07-16 18:35:00,78.97,79.01,78.96,78.96,46.0
2026-07-16 18:40:00,78.96,79.02,78.95,78.97,115.0
2026-07-16 18:45:00,78.97,79.0,78.93,79.0,64.0
2026-07-16 18:50:00,79.01,79.02,78.99,78.99,25.0
2026-07-16 18:55:00,78.97,79.02,78.94,78.94,44.0
2026-07-16 19:00:00,78.93,78.94,78.91,78.93,40.0
2026-07-16 19:05:00,78.96,79.0,78.95,78.96,23.0
2026-07-16 19:10:00,78.97,78.99,78.96,78.99,9.0
2026-07-16 19:15:00,78.99,79.03,78.96,78.99,35.0
2026-07-16 19:20:00,79.0,79.0,78.95,78.96,16.0
2026-07-16 19:25:00,78.95,79.0,78.94,79.0,72.0
2026-07-16 19:30:00,79.01,79.02,78.99,79.0,109.0
2026-07-16 19:35:00,78.99,79.01,78.96,78.96,65.0
2026-07-16 19:40:00,78.96,78.98,78.95,78.96,31.0
2026-07-16 19:45:00,78.96,79.01,78.95,79.0,45.0
2026-07-16 19:50:00,78.99,78.99,78.97,78.97,28.0
2026-07-16 19:55:00,78.98,79.02,78.97,79.02,38.0
2026-07-16 20:00:00,79.01,79.01,78.79,78.9,518.0
2026-07-16 20:05:00,78.88,78.91,78.86,78.88,53.0
2026-07-16 20:10:00,78.88,78.91,78.81,78.82,69.0
2026-07-16 20:15:00,78.83,78.88,78.79,78.87,59.0
2026-07-16 20:20:00,78.87,78.95,78.85,78.9,90.0
2026-07-16 20:25:00,78.92,79.03,78.8,78.99,283.0
2026-07-16 20:30:00,78.98,78.99,78.91,78.94,88.0
2026-07-16 20:35:00,78.93,78.95,78.83,78.94,90.0
2026-07-16 20:40:00,78.94,79.12,78.91,79.09,135.0
2026-07-16 20:45:00,79.11,79.11,78.98,79.05,278.0
2026-07-16 20:50:00,79.06,79.1,79.04,79.08,61.0
2026-07-16 20:55:00,79.1,79.14,79.08,79.11,116.0
2026-07-16 21:00:00,79.11,79.22,79.01,79.13,352.0
2026-07-16 21:05:00,79.13,79.3,79.0,79.25,267.0
2026-07-16 21:10:00,79.26,79.4,79.26,79.34,277.0
2026-07-16 21:15:00,79.34,79.4,79.31,79.39,143.0
2026-07-16 21:20:00,79.4,79.51,79.38,79.44,292.0
2026-07-16 21:25:00,79.42,79.53,79.4,79.52,263.0
2026-07-16 21:30:00,79.52,79.58,79.3,79.3,386.0
2026-07-16 21:35:00,79.32,79.32,79.19,79.23,238.0
2026-07-16 21:40:00,79.22,79.29,79.16,79.26,280.0
2026-07-16 21:45:00,79.26,79.26,79.11,79.21,153.0
2026-07-16 21:50:00,79.21,79.26,79.16,79.18,156.0
2026-07-16 21:55:00,79.17,79.27,79.12,79.17,302.0
2026-07-16 22:00:00,79.17,79.24,79.1,79.24,155.0
2026-07-16 22:05:00,79.23,79.23,79.13,79.2,93.0
2026-07-16 22:10:00,79.2,79.21,79.14,79.17,85.0
2026-07-16 22:15:00,79.16,79.18,79.12,79.18,113.0
2026-07-16 22:20:00,79.18,79.18,79.13,79.13,23.0
2026-07-16 22:25:00,79.13,79.14,79.06,79.07,155.0
2026-07-16 22:30:00,79.07,79.08,78.93,78.98,337.0
2026-07-16 22:35:00,78.98,78.99,78.85,78.96,273.0
2026-07-16 22:40:00,78.96,78.99,78.9,78.97,89.0
2026-07-16 22:45:00,78.98,78.98,78.87,78.88,105.0
2026-07-16 22:50:00,78.86,79.0,78.77,78.99,575.0
2026-07-16 22:55:00,78.99,79.05,78.91,79.03,237.0
2026-07-16 23:00:00,79.01,79.08,78.97,79.07,92.0
2026-07-16 23:05:00,79.05,79.09,78.98,79.04,89.0
2026-07-16 23:10:00,79.04,79.11,79.02,79.03,81.0
2026-07-16 23:15:00,79.02,79.02,78.87,78.89,115.0
2026-07-16 23:20:00,78.93,78.99,78.89,78.99,54.0
2026-07-16 23:25:00,78.99,79.07,78.96,79.05,82.0
2026-07-16 23:30:00,79.06,79.06,78.94,78.98,141.0
2026-07-16 23:35:00,78.97,78.98,78.95,78.98,38.0
2026-07-16 23:40:00,78.98,79.14,78.96,79.1,170.0
2026-07-16 23:45:00,79.08,79.11,79.05,79.08,58.0
2026-07-16 23:50:00,79.08,79.09,79.06,79.09,35.0
2026-07-16 23:55:00,79.09,79.17,79.09,79.16,85.0
2026-07-17 00:00:00,79.15,79.18,79.12,79.14,87.0
2026-07-17 00:05:00,79.14,79.14,79.07,79.12,120.0
2026-07-17 00:10:00,79.13,79.18,79.13,79.18,91.0
2026-07-17 00:15:00,79.18,79.22,79.15,79.19,101.0
2026-07-17 00:20:00,79.17,79.24,79.17,79.23,144.0
2026-07-17 00:25:00,79.22,79.28,79.22,79.25,95.0
2026-07-17 00:30:00,79.25,79.28,79.25,79.27,48.0
2026-07-17 00:35:00,79.26,79.27,79.2,79.2,99.0
2026-07-17 00:40:00,79.21,79.23,79.16,79.17,62.0
2026-07-17 00:45:00,79.16,79.17,79.12,79.13,39.0
2026-07-17 00:50:00,79.13,79.14,79.1,79.11,69.0
2026-07-17 00:55:00,79.11,79.19,79.11,79.19,74.0
2026-07-17 01:00:00,79.19,79.21,79.16,79.16,38.0
2026-07-17 01:05:00,79.18,79.18,79.06,79.06,177.0
2026-07-17 01:10:00,79.06,79.08,79.05,79.06,55.0
2026-07-17 01:15:00,79.07,79.09,79.06,79.07,32.0
2026-07-17 01:20:00,79.07,79.07,79.01,79.03,74.0
2026-07-17 01:25:00,79.01,79.03,78.93,78.98,94.0
2026-07-17 01:30:00,78.98,79.11,78.94,79.01,126.0
2026-07-17 01:35:00,78.99,78.99,78.77,78.78,244.0
2026-07-17 01:40:00,78.78,78.78,78.13,78.34,1237.0
2026-07-17 01:45:00,78.35,78.39,78.15,78.24,439.0
2026-07-17 01:50:00,78.25,78.5,78.24,78.41,243.0
2026-07-17 01:55:00,78.41,78.46,78.33,78.38,202.0
2026-07-17 02:00:00,78.43,78.45,78.06,78.09,547.0
2026-07-17 02:05:00,78.07,78.1,77.93,78.01,721.0
2026-07-17 02:10:00,78.02,78.13,77.97,78.13,369.0
2026-07-17 02:15:00,78.14,78.31,78.06,78.31,286.0
2026-07-17 02:20:00,78.3,78.34,78.08,78.19,363.0
2026-07-17 02:25:00,78.19,78.48,78.19,78.44,369.0
2026-07-17 02:30:00,78.45,78.5,78.38,78.42,183.0
2026-07-17 02:35:00,78.44,78.83,78.44,78.79,1148.0
2026-07-17 02:40:00,78.8,78.89,78.71,78.72,458.0
2026-07-17 02:45:00,78.73,78.85,78.69,78.71,212.0
2026-07-17 02:50:00,78.7,78.7,78.51,78.65,249.0
2026-07-17 02:55:00,78.64,78.68,78.58,78.65,154.0
2026-07-17 03:00:00,78.63,78.79,78.61,78.69,378.0
2026-07-17 03:05:00,78.69,78.96,78.69,78.92,300.0
2026-07-17 03:10:00,78.9,78.95,78.85,78.87,323.0
2026-07-17 03:15:00,78.87,78.99,78.77,78.96,270.0
2026-07-17 03:20:00,78.97,79.12,78.94,79.04,396.0
2026-07-17 03:25:00,79.04,79.14,78.96,79.01,347.0
2026-07-17 03:30:00,79.0,79.05,78.97,79.0,214.0
2026-07-17 03:35:00,79.01,79.06,78.88,78.91,342.0
2026-07-17 03:40:00,78.92,78.98,78.89,78.93,137.0
2026-07-17 03:45:00,78.94,78.97,78.75,78.8,180.0
2026-07-17 03:50:00,78.8,78.83,78.72,78.8,139.0
2026-07-17 03:55:00,78.8,78.89,78.72,78.77,245.0
2026-07-17 04:00:00,78.76,78.79,78.53,78.57,329.0
2026-07-17 04:05:00,78.58,78.79,78.56,78.65,290.0
2026-07-17 04:10:00,78.66,78.89,78.66,78.81,318.0
2026-07-17 04:15:00,78.81,78.82,78.57,78.62,242.0
2026-07-17 04:20:00,78.6,78.9,78.56,78.9,312.0
2026-07-17 04:25:00,78.91,79.11,78.89,79.07,794.0
2026-07-17 04:30:00,79.05,79.09,78.93,79.09,410.0
2026-07-17 04:35:00,79.09,79.09,78.8,78.86,247.0
2026-07-17 04:40:00,78.86,79.02,78.8,78.96,197.0
2026-07-17 04:45:00,78.97,79.07,78.95,79.03,149.0
2026-07-17 04:50:00,79.06,79.26,79.03,79.2,367.0
2026-07-17 04:55:00,79.21,79.32,79.08,79.29,563.0
2026-07-17 05:00:00,79.32,79.62,79.29,79.45,1337.0
2026-07-17 05:05:00,79.44,79.6,79.4,79.57,629.0
2026-07-17 05:10:00,79.58,79.58,79.4,79.45,432.0
2026-07-17 05:15:00,79.45,79.53,79.4,79.53,390.0
2026-07-17 05:20:00,79.53,79.77,79.53,79.7,662.0
2026-07-17 05:25:00,79.69,79.83,79.67,79.77,622.0
2026-07-17 05:30:00,79.78,79.86,79.66,79.76,468.0
2026-07-17 05:35:00,79.77,79.93,79.74,79.86,600.0
2026-07-17 05:40:00,79.85,79.88,79.65,79.73,397.0
2026-07-17 05:45:00,79.72,79.83,79.66,79.8,335.0
2026-07-17 05:50:00,79.81,79.91,79.8,79.87,494.0
2026-07-17 05:55:00,79.87,79.9,79.77,79.77,497.0
2026-07-17 06:00:00,79.77,79.77,79.56,79.67,451.0
2026-07-17 06:05:00,79.67,79.98,79.64,79.95,467.0
2026-07-17 06:10:00,79.97,80.03,79.88,79.98,1367.0
2026-07-17 06:15:00,79.98,80.08,79.91,80.05,602.0
2026-07-17 06:20:00,80.05,80.06,79.92,80.01,316.0
2026-07-17 06:25:00,80.03,80.09,79.84,79.84,424.0
2026-07-17 06:30:00,79.85,79.87,79.77,79.87,281.0
2026-07-17 06:35:00,79.87,79.9,79.75,79.77,460.0
2026-07-17 06:40:00,79.77,79.85,79.74,79.79,306.0
2026-07-17 06:45:00,79.8,79.87,79.8,79.84,205.0
2026-07-17 06:50:00,79.83,79.99,79.8,79.98,210.0
2026-07-17 06:55:00,79.99,80.04,79.95,79.98,393.0
2026-07-17 07:00:00,79.99,80.07,79.92,80.02,462.0
2026-07-17 07:05:00,80.02,80.19,80.01,80.15,507.0
2026-07-17 07:10:00,80.17,80.23,80.13,80.16,329.0
2026-07-17 07:15:00,80.15,80.28,80.15,80.2,269.0
2026-07-17 07:20:00,80.2,80.32,80.15,80.21,476.0
2026-07-17 07:25:00,80.2,80.25,80.06,80.07,370.0
2026-07-17 07:30:00,80.07,80.19,80.04,80.19,279.0
2026-07-17 07:35:00,80.18,80.18,79.94,79.94,382.0
2026-07-17 07:40:00,79.93,80.02,79.92,79.97,471.0
2026-07-17 07:45:00,79.98,80.08,79.9,80.08,312.0
2026-07-17 07:50:00,80.08,80.2,80.04,80.17,600.0
2026-07-17 07:55:00,80.18,80.21,80.11,80.19,326.0
2026-07-17 08:00:00,80.2,80.21,80.12,80.2,309.0
2026-07-17 08:05:00,80.19,80.22,80.06,80.07,598.0
2026-07-17 08:10:00,80.06,80.15,80.05,80.1,381.0
2026-07-17 08:15:00,80.11,80.31,80.11,80.23,617.0
2026-07-17 08:20:00,80.22,80.26,80.19,80.24,466.0
2026-07-17 08:25:00,80.23,80.25,80.09,80.23,312.0
2026-07-17 08:30:00,80.26,80.43,80.26,80.39,869.0
2026-07-17 08:35:00,80.39,80.44,80.29,80.37,450.0
2026-07-17 08:40:00,80.38,80.38,80.25,80.33,468.0
2026-07-17 08:45:00,80.31,80.33,80.17,80.18,470.0
2026-07-17 08:50:00,80.18,80.21,80.1,80.21,739.0
2026-07-17 08:55:00,80.22,80.46,80.17,80.35,1149.0
2026-07-17 09:00:00,80.34,80.98,80.29,80.9,3640.0
2026-07-17 09:05:00,80.91,81.01,80.65,80.66,1697.0
2026-07-17 09:10:00,80.66,80.87,80.65,80.85,1009.0
2026-07-17 09:15:00,80.86,80.87,80.66,80.8,722.0
2026-07-17 09:20:00,80.79,81.02,80.77,80.94,988.0
2026-07-17 09:25:00,80.93,80.98,80.86,80.95,849.0
2026-07-17 09:30:00,80.94,81.06,80.87,80.88,1217.0
2026-07-17 09:35:00,80.88,80.93,80.58,80.6,1328.0
2026-07-17 09:40:00,80.61,80.92,80.58,80.91,857.0
2026-07-17 09:45:00,80.92,81.0,80.86,80.97,710.0
2026-07-17 09:50:00,80.98,81.17,80.98,81.07,1136.0
2026-07-17 09:55:00,81.09,81.2,81.04,81.14,725.0
2026-07-17 10:00:00,81.14,81.25,81.05,81.22,1343.0
2026-07-17 10:05:00,81.23,81.25,80.9,80.95,1130.0
2026-07-17 10:10:00,80.95,81.13,80.95,81.12,785.0
2026-07-17 10:15:00,81.11,81.11,80.87,81.01,1017.0
2026-07-17 10:20:00,81.0,81.02,80.84,80.88,686.0
2026-07-17 10:25:00,80.89,80.97,80.83,80.91,679.0
2026-07-17 10:30:00,80.9,80.9,80.64,80.66,1136.0
2026-07-17 10:35:00,80.64,80.76,80.53,80.71,1173.0
2026-07-17 10:40:00,80.7,80.8,80.66,80.8,585.0
2026-07-17 10:45:00,80.79,80.8,80.63,80.69,624.0
2026-07-17 10:50:00,80.69,80.7,80.43,80.44,1300.0
2026-07-17 10:55:00,80.45,80.46,80.17,80.22,2895.0
2026-07-17 11:00:00,80.21,80.35,79.98,80.03,2354.0
2026-07-17 11:05:00,80.04,80.13,79.87,79.97,1514.0
2026-07-17 11:10:00,79.97,80.03,79.82,79.97,1303.0
2026-07-17 11:15:00,79.97,80.32,79.97,80.16,1148.0
2026-07-17 11:20:00,80.19,80.46,80.02,80.45,1589.0
2026-07-17 11:25:00,80.44,80.57,80.37,80.42,1697.0
2026-07-17 11:30:00,80.42,80.82,80.3,80.69,3218.0
2026-07-17 11:35:00,80.71,80.85,80.59,80.76,941.0
2026-07-17 11:40:00,80.77,80.83,80.68,80.71,549.0
2026-07-17 11:45:00,80.72,80.75,80.6,80.65,447.0
2026-07-17 11:50:00,80.65,80.81,80.64,80.77,508.0
2026-07-17 11:55:00,80.77,80.79,80.66,80.68,469.0
2026-07-17 12:00:00,80.69,81.4,80.62,81.2,3505.0
2026-07-17 12:05:00,81.2,81.42,81.08,81.39,1269.0
2026-07-17 12:10:00,81.38,81.45,81.3,81.32,1014.0
2026-07-17 12:15:00,81.32,81.52,81.28,81.31,935.0
2026-07-17 12:20:00,81.31,81.48,81.21,81.46,841.0
2026-07-17 12:25:00,81.46,81.51,81.36,81.41,753.0
2026-07-17 12:30:00,81.41,81.42,81.3,81.4,501.0
2026-07-17 12:35:00,81.41,81.47,81.29,81.29,509.0
2026-07-17 12:40:00,81.29,81.36,81.21,81.34,722.0
2026-07-17 12:45:00,81.34,81.36,81.22,81.22,471.0
2026-07-17 12:50:00,81.23,81.5,81.2,81.5,864.0
2026-07-17 12:55:00,81.49,81.54,81.44,81.47,1071.0
2026-07-17 13:00:00,81.47,81.48,81.33,81.38,701.0
2026-07-17 13:05:00,81.37,81.5,81.28,81.45,812.0
2026-07-17 13:10:00,81.47,81.54,81.45,81.49,552.0
2026-07-17 13:15:00,81.49,81.58,81.44,81.57,687.0
2026-07-17 13:20:00,81.58,81.64,81.49,81.6,744.0
2026-07-17 13:25:00,81.6,81.73,81.6,81.64,998.0
2026-07-17 13:30:00,81.64,81.85,81.63,81.64,1425.0
2026-07-17 13:35:00,81.64,81.68,81.51,81.56,1067.0
2026-07-17 13:40:00,81.56,81.81,81.52,81.81,1501.0
2026-07-17 13:45:00,81.81,81.88,81.68,81.78,1072.0
2026-07-17 13:50:00,81.79,81.83,81.67,81.68,779.0
2026-07-17 13:55:00,81.68,81.85,81.67,81.77,1429.0
2026-07-17 14:00:00,81.77,81.85,81.61,81.82,1119.0
2026-07-17 14:05:00,81.82,82.07,81.82,81.89,2038.0
2026-07-17 14:10:00,81.9,82.02,81.83,82.01,714.0
2026-07-17 14:15:00,82.02,82.06,81.87,81.88,1135.0
2026-07-17 14:20:00,81.87,82.03,81.85,82.0,1091.0
2026-07-17 14:25:00,82.0,82.05,81.65,81.67,6759.0
2026-07-17 14:30:00,81.66,81.69,81.5,81.51,2163.0
2026-07-17 14:35:00,81.51,81.63,81.43,81.56,1200.0
2026-07-17 14:40:00,81.56,81.57,81.34,81.42,1295.0
2026-07-17 14:45:00,81.42,81.48,81.36,81.47,551.0
2026-07-17 14:50:00,81.47,81.52,81.4,81.49,692.0
2026-07-17 14:55:00,81.47,81.49,81.4,81.41,298.0
2026-07-17 15:00:00,81.42,81.44,81.31,81.36,307.0
2026-07-17 15:05:00,81.37,81.43,81.33,81.36,278.0
2026-07-17 15:10:00,81.35,81.41,81.31,81.38,307.0
2026-07-17 15:15:00,81.38,81.43,81.35,81.39,468.0
2026-07-17 15:20:00,81.4,81.47,81.37,81.41,252.0
2026-07-17 15:25:00,81.41,81.44,81.33,81.38,497.0
2026-07-17 15:30:00,81.36,81.36,81.15,81.16,865.0
2026-07-17 15:35:00,81.17,81.34,81.15,81.23,479.0
2026-07-17 15:40:00,81.22,81.24,81.08,81.14,542.0
2026-07-17 15:45:00,81.13,81.23,81.12,81.16,466.0
2026-07-17 15:50:00,81.17,81.46,81.13,81.41,604.0
2026-07-17 15:55:00,81.4,81.46,81.39,81.44,434.0
2026-07-17 16:00:00,81.44,81.54,81.32,81.52,330.0
2026-07-17 16:05:00,81.5,81.64,81.5,81.54,323.0
2026-07-17 16:10:00,81.54,81.54,81.49,81.51,133.0
2026-07-17 16:15:00,81.51,81.58,81.51,81.57,165.0
2026-07-17 16:20:00,81.57,81.73,81.56,81.69,274.0
2026-07-17 16:25:00,81.68,81.75,81.63,81.72,187.0
2026-07-17 16:30:00,81.72,81.83,81.61,81.7,266.0
2026-07-17 16:35:00,81.69,81.81,81.66,81.75,147.0
2026-07-17 16:40:00,81.76,81.86,81.72,81.86,203.0
2026-07-17 16:45:00,81.84,81.86,81.71,81.72,191.0
2026-07-17 16:50:00,81.72,81.79,81.69,81.71,244.0
2026-07-17 16:55:00,81.74,81.85,81.71,81.77,570.0
