Datetime,Open,High,Low,Close,Volume
2025-10-20 01:17:00,112000.0,112000.0,112000.0,112000.0,5
2025-10-20 01:34:00,112205.0,112205.0,112205.0,112205.0,2
2025-10-20 01:55:00,112500.0,112530.0,112500.0,112530.0,3
2025-10-20 01:57:00,112320.0,112320.0,112320.0,112320.0,2
2025-10-20 02:04:00,112485.0,112485.0,112440.0,112440.0,6
2025-10-20 02:05:00,112420.0,112420.0,112420.0,112420.0,1
2025-10-20 02:06:00,112530.0,112530.0,112530.0,112530.0,1
2025-10-20 02:33:00,112550.0,112550.0,112550.0,112550.0,5
2025-10-20 02:42:00,112710.0,112710.0,112710.0,112710.0,1
2025-10-20 02:48:00,112710.0,112710.0,112710.0,112710.0,1
2025-10-20 03:05:00,112675.0,112675.0,112675.0,112675.0,5
2025-10-20 03:19:00,112740.0,112740.0,112740.0,112740.0,1
2025-10-20 03:26:00,112745.0,112745.0,112745.0,112745.0,1
2025-10-20 03:58:00,112520.0,112520.0,112520.0,112520.0,1
2025-10-20 03:59:00,112540.0,112540.0,112540.0,112540.0,1
2025-10-20 04:00:00,112600.0,112600.0,112600.0,112600.0,2
2025-10-20 04:16:00,112570.0,112570.0,112570.0,112570.0,1
2025-10-20 04:31:00,112700.0,112700.0,112700.0,112700.0,1
2025-10-20 04:32:00,112745.0,112745.0,112745.0,112745.0,5
2025-10-20 04:37:00,112900.0,112900.0,112900.0,112900.0,5
2025-10-20 05:16:00,112525.0,112525.0,112525.0,112525.0,1
2025-10-20 05:50:00,112285.0,112285.0,112285.0,112285.0,10
2025-10-20 05:51:00,112285.0,112295.0,112285.0,112295.0,10
2025-10-20 05:52:00,112270.0,112270.0,112270.0,112270.0,5
2025-10-20 06:24:00,112370.0,112370.0,112370.0,112370.0,1
2025-10-20 07:41:00,112215.0,112215.0,112215.0,112215.0,5
2025-10-20 07:44:00,112185.0,112185.0,112185.0,112185.0,1
2025-10-20 07:45:00,112200.0,112200.0,112200.0,112200.0,1
2025-10-20 09:21:00,111960.0,111960.0,111960.0,111960.0,1
2025-10-20 09:31:00,112215.0,112215.0,112215.0,112215.0,1
2025-10-20 09:32:00,112215.0,112215.0,112145.0,112145.0,2
2025-10-20 09:36:00,112000.0,112000.0,112000.0,112000.0,1
2025-10-20 09:48:00,112350.0,112350.0,112350.0,112350.0,1
2025-10-20 09:52:00,112505.0,112505.0,112505.0,112505.0,2
2025-10-20 10:43:00,112500.0,112500.0,112500.0,112500.0,1
2025-10-20 10:58:00,112750.0,112750.0,112750.0,112750.0,3
2025-10-20 11:08:00,112890.0,112890.0,112890.0,112890.0,1
2025-10-20 11:11:00,113000.0,113000.0,113000.0,113000.0,1
2025-10-20 11:13:00,113035.0,113035.0,113035.0,113035.0,1
2025-10-20 11:16:00,112575.0,112575.0,112575.0,112575.0,2
2025-10-20 11:33:00,112660.0,112660.0,112660.0,112660.0,1
2025-10-20 11:39:00,112685.0,112685.0,112685.0,112685.0,10
2025-10-20 11:40:00,112845.0,112845.0,112845.0,112845.0,1
2025-10-20 11:48:00,112880.0,112880.0,112880.0,112880.0,1
2025-10-20 11:58:00,112565.0,112565.0,112565.0,112565.0,1
2025-10-20 12:06:00,112385.0,112385.0,112385.0,112385.0,1
2025-10-20 12:14:00,112600.0,112600.0,112600.0,112600.0,18
2025-10-20 12:29:00,112535.0,112535.0,112535.0,112535.0,1
2025-10-20 13:27:00,111980.0,111980.0,111980.0,111980.0,3
2025-10-20 13:38:00,111500.0,111500.0,111500.0,111500.0,5
2025-10-20 13:41:00,111295.0,111295.0,111295.0,111295.0,1
2025-10-20 13:49:00,111820.0,111820.0,111820.0,111820.0,5
2025-10-20 14:08:00,111985.0,111985.0,111985.0,111985.0,1
2025-10-20 14:58:00,112340.0,112340.0,112340.0,112340.0,5
2025-10-20 16:44:00,112610.0,112610.0,112610.0,112610.0,1
2025-10-20 18:05:00,111850.0,111850.0,111850.0,111850.0,5
2025-10-20 18:06:00,112080.0,112080.0,112080.0,112080.0,116
2025-10-20 19:22:00,112115.0,112150.0,112115.0,112150.0,10
2025-10-20 19:26:00,112215.0,112300.0,112215.0,112300.0,10
2025-10-20 19:30:00,112225.0,112225.0,112225.0,112225.0,5
2025-10-20 20:29:00,111875.0,111875.0,111875.0,111875.0,1
2025-10-20 20:57:00,111985.0,111985.0,111985.0,111985.0,5
2025-10-20 21:06:00,111850.0,111850.0,111850.0,111850.0,5
2025-10-20 21:56:00,111190.0,111190.0,111190.0,111190.0,2
2025-10-20 22:11:00,111065.0,111100.0,111065.0,111100.0,6
2025-10-20 22:22:00,111045.0,111045.0,111045.0,111045.0,1
2025-10-20 22:30:00,111000.0,111000.0,110980.0,110980.0,20
2025-10-20 22:45:00,111155.0,111155.0,111155.0,111155.0,2
2025-10-21 00:46:00,109465.0,109465.0,109375.0,109375.0,6
2025-10-21 00:49:00,109265.0,109265.0,109265.0,109265.0,1
2025-10-21 01:14:00,109290.0,109290.0,109290.0,109290.0,1
2025-10-21 01:16:00,109140.0,109140.0,109140.0,109140.0,2
2025-10-21 01:17:00,109200.0,109200.0,109200.0,109200.0,5
2025-10-21 01:28:00,109105.0,109105.0,109105.0,109105.0,1
2025-10-21 01:41:00,109000.0,109000.0,109000.0,109000.0,10
2025-10-21 02:01:00,109130.0,109130.0,109130.0,109130.0,2
2025-10-21 02:53:00,109690.0,109690.0,109690.0,109690.0,1
2025-10-21 02:54:00,109680.0,109680.0,109680.0,109680.0,3
2025-10-21 03:03:00,109300.0,109300.0,109300.0,109300.0,1
2025-10-21 03:04:00,109500.0,109500.0,109500.0,109500.0,1
2025-10-21 03:15:00,109300.0,109300.0,109300.0,109300.0,2
2025-10-21 03:26:00,109590.0,109590.0,109590.0,109590.0,1
2025-10-21 04:33:00,109250.0,109250.0,109250.0,109250.0,1
2025-10-21 05:56:00,109200.0,109200.0,109200.0,109200.0,2
2025-10-21 06:24:00,109230.0,109230.0,109230.0,109230.0,1
2025-10-21 06:36:00,109500.0,109500.0,109500.0,109500.0,5
2025-10-21 06:52:00,110100.0,110100.0,110100.0,110100.0,2
2025-10-21 07:02:00,109795.0,109795.0,109795.0,109795.0,1
2025-10-21 07:11:00,109705.0,109705.0,109705.0,109705.0,2
2025-10-21 07:15:00,109870.0,109870.0,109870.0,109870.0,1
2025-10-21 07:34:00,109775.0,109775.0,109775.0,109775.0,5
2025-10-21 07:59:00,110055.0,110055.0,110055.0,110055.0,3
2025-10-21 08:19:00,110155.0,110155.0,110155.0,110155.0,2
2025-10-21 08:23:00,110875.0,110875.0,110875.0,110875.0,2
2025-10-21 08:26:00,110700.0,110700.0,110625.0,110625.0,6
2025-10-21 08:27:00,110665.0,110665.0,110665.0,110665.0,1
2025-10-21 08:42:00,110625.0,110735.0,110625.0,110735.0,6
2025-10-21 09:02:00,110375.0,110375.0,110375.0,110375.0,2
2025-10-21 09:07:00,110275.0,110275.0,110275.0,110275.0,1
2025-10-21 09:10:00,109700.0,109720.0,109700.0,109720.0,16
2025-10-21 09:26:00,110210.0,110210.0,110210.0,110210.0,1
2025-10-21 09:39:00,110350.0,110350.0,110350.0,110350.0,5
2025-10-21 09:40:00,110275.0,110275.0,110275.0,110275.0,1
2025-10-21 09:44:00,109945.0,109945.0,109945.0,109945.0,2
2025-10-21 09:47:00,109800.0,109800.0,109800.0,109800.0,3
2025-10-21 09:51:00,109835.0,109835.0,109835.0,109835.0,3
2025-10-21 09:58:00,109725.0,109725.0,109725.0,109725.0,1
2025-10-21 10:11:00,110775.0,110775.0,110775.0,110775.0,2
2025-10-21 10:16:00,111015.0,111015.0,111015.0,111015.0,3
2025-10-21 10:19:00,111750.0,111750.0,111700.0,111700.0,6
2025-10-21 10:23:00,112105.0,112105.0,112105.0,112105.0,1
2025-10-21 10:46:00,111315.0,111315.0,111310.0,111310.0,9
2025-10-21 10:47:00,111480.0,111480.0,111480.0,111480.0,1
2025-10-21 10:48:00,111770.0,111770.0,111770.0,111770.0,1
2025-10-21 10:49:00,112010.0,112025.0,112010.0,112025.0,2
2025-10-21 10:50:00,112250.0,112290.0,112250.0,112290.0,2
2025-10-21 10:51:00,112530.0,112530.0,112530.0,112530.0,5
2025-10-21 10:54:00,112670.0,112670.0,112670.0,112670.0,1
2025-10-21 10:55:00,112875.0,112875.0,112875.0,112875.0,1
2025-10-21 10:58:00,113500.0,113545.0,113500.0,113535.0,15
2025-10-21 10:59:00,113480.0,113480.0,113480.0,113480.0,5
2025-10-21 11:01:00,113900.0,114000.0,113900.0,114000.0,9
2025-10-21 11:02:00,113785.0,113785.0,113785.0,113785.0,10
2025-10-21 11:03:00,113835.0,113835.0,113610.0,113610.0,11
2025-10-21 11:05:00,113500.0,113500.0,113500.0,113500.0,1
2025-10-21 11:08:00,114325.0,114325.0,114325.0,114325.0,1
2025-10-21 11:09:00,114240.0,114240.0,114240.0,114240.0,6
2025-10-21 11:11:00,114215.0,114215.0,114215.0,114215.0,1
2025-10-21 11:12:00,114335.0,114335.0,114335.0,114335.0,1
2025-10-21 11:13:00,114325.0,114325.0,114325.0,114325.0,1
2025-10-21 11:16:00,113805.0,114010.0,113805.0,114010.0,6
2025-10-21 11:17:00,114010.0,114010.0,114010.0,114010.0,1
2025-10-21 11:20:00,114080.0,114080.0,114000.0,114000.0,3
2025-10-21 11:23:00,114235.0,114235.0,114235.0,114235.0,10
2025-10-21 11:24:00,114350.0,114480.0,114350.0,114480.0,2
2025-10-21 11:25:00,114500.0,114500.0,114500.0,114500.0,5
2025-10-21 11:29:00,114645.0,114645.0,114645.0,114645.0,1
2025-10-21 11:30:00,114605.0,114605.0,114605.0,114605.0,2
2025-10-21 11:39:00,114220.0,114220.0,114220.0,114220.0,1
2025-10-21 11:45:00,114900.0,114900.0,114900.0,114900.0,1
2025-10-21 11:47:00,115000.0,115000.0,115000.0,115000.0,4
2025-10-21 11:51:00,115000.0,115000.0,115000.0,115000.0,10
2025-10-21 12:07:00,114960.0,114960.0,114960.0,114960.0,1
2025-10-21 12:14:00,115150.0,115150.0,115150.0,115150.0,1
2025-10-21 12:18:00,115370.0,115370.0,115370.0,115370.0,1
2025-10-21 12:33:00,115155.0,115155.0,115155.0,115155.0,1
2025-10-21 12:35:00,115365.0,115365.0,115365.0,115365.0,1
2025-10-21 12:37:00,115500.0,115500.0,115500.0,115500.0,2
2025-10-21 12:40:00,115420.0,115420.0,115420.0,115420.0,1
2025-10-21 12:49:00,115115.0,115115.0,115115.0,115115.0,2
2025-10-21 12:54:00,114660.0,114660.0,114655.0,114655.0,10
2025-10-21 13:07:00,114550.0,114550.0,114550.0,114550.0,1
2025-10-21 13:10:00,114445.0,114445.0,114445.0,114445.0,1
2025-10-21 13:12:00,114375.0,114375.0,114375.0,114375.0,10
2025-10-21 13:13:00,114440.0,114440.0,114440.0,114440.0,1
2025-10-21 13:19:00,113570.0,113570.0,113570.0,113570.0,1
2025-10-21 13:26:00,113600.0,113600.0,113600.0,113600.0,10
2025-10-21 13:33:00,113780.0,113780.0,113780.0,113780.0,1
2025-10-21 13:50:00,113875.0,113875.0,113875.0,113875.0,3
2025-10-21 13:51:00,113825.0,113825.0,113825.0,113825.0,1
2025-10-21 14:03:00,113465.0,113465.0,113465.0,113465.0,1
2025-10-21 14:08:00,113545.0,113545.0,113545.0,113545.0,1
2025-10-21 14:37:00,113300.0,113300.0,113300.0,113300.0,2
2025-10-21 14:38:00,113090.0,113090.0,113090.0,113090.0,1
2025-10-21 14:39:00,113000.0,113000.0,113000.0,113000.0,10
2025-10-21 14:53:00,113445.0,113445.0,113445.0,113445.0,5
2025-10-21 14:58:00,113510.0,113510.0,113510.0,113510.0,5
2025-10-21 15:04:00,113605.0,113605.0,113605.0,113605.0,5
2025-10-21 15:07:00,113700.0,113700.0,113700.0,113700.0,5
2025-10-21 15:23:00,113450.0,113450.0,113450.0,113450.0,1
2025-10-21 15:27:00,113315.0,113375.0,113315.0,113375.0,10
2025-10-21 15:28:00,113360.0,113360.0,113315.0,113345.0,25
2025-10-21 15:29:00,113345.0,113375.0,113295.0,113295.0,30
2025-10-21 15:31:00,113180.0,113180.0,113180.0,113180.0,5
2025-10-21 15:51:00,113430.0,113430.0,113430.0,113430.0,1
2025-10-21 16:18:00,112475.0,112475.0,112450.0,112450.0,3
2025-10-21 16:20:00,112495.0,112495.0,112495.0,112495.0,1
2025-10-21 16:26:00,112440.0,112440.0,112440.0,112440.0,2
2025-10-21 16:33:00,112300.0,112300.0,112240.0,112240.0,3
2025-10-21 16:43:00,112500.0,112500.0,112500.0,112500.0,1
2025-10-21 16:58:00,112520.0,112520.0,112520.0,112520.0,1
2025-10-21 18:03:00,112270.0,112270.0,112270.0,112270.0,1
2025-10-21 18:10:00,111830.0,111830.0,111830.0,111830.0,5
2025-10-21 18:25:00,111440.0,111440.0,111440.0,111440.0,1
2025-10-21 18:27:00,111365.0,111365.0,111365.0,111365.0,2
2025-10-21 18:32:00,111010.0,111010.0,111010.0,111010.0,1
2025-10-21 18:33:00,110425.0,110810.0,110425.0,110810.0,2
2025-10-21 18:42:00,110460.0,110460.0,110460.0,110460.0,1
2025-10-21 18:45:00,110530.0,110530.0,110530.0,110530.0,1
2025-10-21 18:47:00,110750.0,110750.0,110750.0,110750.0,1
2025-10-21 19:03:00,110460.0,110460.0,110460.0,110460.0,1
2025-10-21 19:10:00,110865.0,110865.0,110865.0,110865.0,2
2025-10-21 19:20:00,110835.0,110835.0,110835.0,110835.0,7
2025-10-21 19:35:00,110200.0,110200.0,110200.0,110200.0,5
2025-10-21 19:38:00,110000.0,110000.0,110000.0,110000.0,2
2025-10-21 20:09:00,109890.0,109890.0,109890.0,109890.0,1
2025-10-21 20:30:00,109490.0,109490.0,109490.0,109490.0,1
2025-10-21 20:32:00,109415.0,109415.0,109415.0,109415.0,9
2025-10-21 20:42:00,109535.0,109535.0,109535.0,109535.0,1
2025-10-21 20:43:00,109545.0,109545.0,109545.0,109545.0,1
2025-10-21 20:47:00,109605.0,109605.0,109605.0,109605.0,10
2025-10-21 21:31:00,109580.0,109580.0,109580.0,109580.0,5
2025-10-21 21:32:00,109570.0,109580.0,109560.0,109580.0,12
2025-10-21 21:34:00,109580.0,109580.0,109580.0,109580.0,3
2025-10-21 21:36:00,109590.0,109590.0,109590.0,109590.0,5
2025-10-21 21:45:00,109650.0,109650.0,109650.0,109650.0,5
2025-10-21 21:47:00,109700.0,109700.0,109700.0,109700.0,10
2025-10-21 21:48:00,109695.0,109705.0,109695.0,109705.0,10
2025-10-21 21:51:00,109680.0,109680.0,109680.0,109680.0,5
2025-10-21 22:05:00,109940.0,109940.0,109940.0,109940.0,5
2025-10-21 22:14:00,110010.0,110010.0,110010.0,110010.0,5
2025-10-21 22:26:00,109960.0,109960.0,109960.0,109960.0,1
2025-10-21 22:42:00,109780.0,109780.0,109780.0,109780.0,5
2025-10-21 22:43:00,109770.0,109770.0,109770.0,109770.0,5
2025-10-21 22:45:00,109810.0,109810.0,109810.0,109810.0,1
2025-10-21 22:52:00,109820.0,109820.0,109820.0,109820.0,2
2025-10-21 22:53:00,109730.0,109730.0,109730.0,109730.0,5
2025-10-21 23:29:00,109585.0,109585.0,109585.0,109585.0,1
2025-10-21 23:32:00,109675.0,109675.0,109675.0,109675.0,1
2025-10-21 23:37:00,109585.0,109585.0,109585.0,109585.0,3
2025-10-22 00:00:00,109665.0,109665.0,109665.0,109665.0,2
2025-10-22 00:40:00,110110.0,110110.0,110110.0,110110.0,2
2025-10-22 00:52:00,109995.0,109995.0,109995.0,109995.0,1
2025-10-22 00:58:00,110145.0,110145.0,110145.0,110145.0,1
2025-10-22 01:02:00,110000.0,110000.0,110000.0,110000.0,1
2025-10-22 01:22:00,109795.0,109795.0,109725.0,109725.0,21
2025-10-22 01:26:00,109540.0,109540.0,109540.0,109540.0,3
2025-10-22 01:27:00,109500.0,109500.0,109500.0,109500.0,1
2025-10-22 01:37:00,109425.0,109425.0,109425.0,109425.0,2
2025-10-22 01:48:00,109500.0,109500.0,109500.0,109500.0,2
2025-10-22 02:38:00,109715.0,109715.0,109715.0,109715.0,1
2025-10-22 02:40:00,109610.0,109610.0,109500.0,109505.0,3
2025-10-22 02:42:00,109585.0,109585.0,109585.0,109585.0,1
2025-10-22 02:44:00,109500.0,109500.0,109500.0,109500.0,1
2025-10-22 02:45:00,109500.0,109500.0,109500.0,109500.0,1
2025-10-22 02:47:00,109505.0,109510.0,109505.0,109510.0,5
2025-10-22 02:56:00,109525.0,109525.0,109525.0,109525.0,1
2025-10-22 03:07:00,109200.0,109200.0,109200.0,109200.0,1
2025-10-22 03:17:00,109145.0,109145.0,109145.0,109145.0,1
2025-10-22 03:32:00,109500.0,109500.0,109500.0,109500.0,1
2025-10-22 04:20:00,109595.0,109595.0,109595.0,109595.0,1
2025-10-22 04:32:00,109735.0,109735.0,109735.0,109735.0,2
2025-10-22 05:05:00,109705.0,109705.0,109705.0,109705.0,2
2025-10-22 05:09:00,109580.0,109580.0,109580.0,109580.0,1
2025-10-22 05:20:00,109420.0,109420.0,109375.0,109375.0,3
2025-10-22 05:21:00,109370.0,109375.0,109370.0,109375.0,4
2025-10-22 05:22:00,109375.0,109375.0,109375.0,109375.0,1
2025-10-22 05:23:00,109440.0,109440.0,109440.0,109440.0,1
2025-10-22 05:24:00,109535.0,109535.0,109535.0,109535.0,1
2025-10-22 05:27:00,109585.0,109585.0,109585.0,109585.0,1
2025-10-22 05:29:00,109545.0,109545.0,109545.0,109545.0,1
2025-10-22 05:34:00,109700.0,109700.0,109700.0,109700.0,1
2025-10-22 05:36:00,109675.0,109675.0,109675.0,109675.0,1
2025-10-22 05:37:00,109665.0,109665.0,109660.0,109660.0,6
2025-10-22 05:41:00,109435.0,109440.0,109435.0,109440.0,2
2025-10-22 05:44:00,109375.0,109375.0,109375.0,109375.0,1
2025-10-22 05:46:00,109335.0,109335.0,109335.0,109335.0,1
2025-10-22 06:46:00,109205.0,109205.0,109205.0,109205.0,1
2025-10-22 07:01:00,109010.0,109010.0,108990.0,108990.0,13
2025-10-22 07:04:00,108875.0,108875.0,108200.0,108390.0,5
2025-10-22 07:05:00,108585.0,108585.0,108585.0,108585.0,1
2025-10-22 07:06:00,108610.0,108610.0,108495.0,108535.0,9
2025-10-22 07:15:00,109410.0,109410.0,109410.0,109410.0,3
2025-10-22 07:42:00,109350.0,109350.0,109350.0,109350.0,1
2025-10-22 07:58:00,108970.0,108970.0,108970.0,108970.0,1
2025-10-22 08:17:00,109230.0,109230.0,109230.0,109230.0,1
2025-10-22 08:18:00,109390.0,109390.0,109390.0,109390.0,1
2025-10-22 08:49:00,109500.0,109520.0,109500.0,109520.0,10
2025-10-22 09:40:00,109895.0,109940.0,109850.0,109850.0,35
2025-10-22 09:48:00,109485.0,109485.0,109485.0,109485.0,2
2025-10-22 09:59:00,110000.0,110000.0,110000.0,110000.0,1
2025-10-22 10:01:00,110000.0,110000.0,110000.0,110000.0,1
2025-10-22 10:38:00,109545.0,109545.0,109545.0,109545.0,1
2025-10-22 10:56:00,109575.0,109575.0,109575.0,109575.0,2
2025-10-22 10:57:00,110000.0,110000.0,110000.0,110000.0,15
2025-10-22 11:09:00,110160.0,110160.0,110135.0,110135.0,2
2025-10-22 11:28:00,109400.0,109400.0,109205.0,109205.0,3
2025-10-22 11:47:00,110000.0,110000.0,110000.0,110000.0,1
2025-10-22 12:13:00,109870.0,109870.0,109870.0,109870.0,1
2025-10-22 12:20:00,109640.0,109640.0,109640.0,109640.0,1
2025-10-22 12:41:00,110000.0,110000.0,110000.0,110000.0,1
2025-10-22 12:44:00,109840.0,109840.0,109840.0,109840.0,1
2025-10-22 12:52:00,109640.0,109640.0,109640.0,109640.0,1
2025-10-22 13:34:00,109535.0,109535.0,109535.0,109535.0,1
2025-10-22 13:54:00,109000.0,109000.0,109000.0,109000.0,1
2025-10-22 13:58:00,109000.0,109000.0,109000.0,109000.0,1
2025-10-22 14:34:00,109400.0,109400.0,109400.0,109400.0,10
2025-10-22 14:44:00,109450.0,109450.0,109450.0,109450.0,2
2025-10-22 14:52:00,109310.0,109310.0,109310.0,109310.0,1
2025-10-22 15:28:00,109525.0,109525.0,109525.0,109525.0,1
2025-10-22 15:48:00,109390.0,109390.0,109390.0,109390.0,10
2025-10-22 15:58:00,109310.0,109310.0,109310.0,109310.0,5
2025-10-22 16:02:00,109130.0,109130.0,109130.0,109130.0,1
2025-10-22 16:13:00,109355.0,109360.0,109355.0,109360.0,30
2025-10-22 18:21:00,108600.0,108600.0,108600.0,108600.0,15
2025-10-22 18:32:00,108430.0,108430.0,108430.0,108430.0,1
2025-10-22 19:04:00,108740.0,108740.0,108740.0,108740.0,1
2025-10-22 19:07:00,108780.0,108780.0,108780.0,108780.0,1
2025-10-22 19:13:00,108860.0,108860.0,108835.0,108835.0,8
2025-10-22 19:14:00,108780.0,108780.0,108780.0,108780.0,5
2025-10-22 19:19:00,109000.0,109000.0,109000.0,109000.0,1
2025-10-22 19:38:00,109200.0,109200.0,109200.0,109200.0,1
2025-10-22 19:53:00,108985.0,108985.0,108985.0,108985.0,1
2025-10-22 19:57:00,108910.0,108910.0,108910.0,108910.0,1
2025-10-22 19:58:00,108980.0,109070.0,108980.0,109070.0,4
2025-10-22 19:59:00,108990.0,108990.0,108990.0,108990.0,1
2025-10-22 20:02:00,108925.0,108925.0,108925.0,108925.0,3
2025-10-22 20:03:00,108870.0,108935.0,108870.0,108935.0,3
2025-10-22 20:05:00,108870.0,108870.0,108870.0,108870.0,1
2025-10-22 20:07:00,109020.0,109020.0,109020.0,109020.0,1
2025-10-22 20:17:00,109090.0,109100.0,109090.0,109100.0,3
2025-10-22 20:21:00,109080.0,109080.0,109080.0,109080.0,2
2025-10-22 20:24:00,108950.0,108955.0,108950.0,108955.0,4
2025-10-22 20:25:00,108910.0,108910.0,108910.0,108910.0,2
2025-10-22 20:28:00,108930.0,108930.0,108930.0,108930.0,3
2025-10-22 20:31:00,108975.0,108975.0,108975.0,108975.0,1
2025-10-22 20:32:00,109060.0,109095.0,109060.0,109095.0,8
2025-10-22 20:40:00,109140.0,109155.0,109140.0,109155.0,2
2025-10-22 20:42:00,109165.0,109165.0,109165.0,109165.0,3
2025-10-22 20:49:00,109140.0,109140.0,109140.0,109140.0,1
2025-10-22 21:05:00,109220.0,109250.0,109220.0,109250.0,5
2025-10-22 21:11:00,109415.0,109415.0,109415.0,109415.0,2
2025-10-22 21:12:00,109500.0,109500.0,109500.0,109500.0,2
2025-10-22 21:42:00,109500.0,109500.0,109500.0,109500.0,1
2025-10-22 22:21:00,109680.0,109680.0,109680.0,109680.0,5
2025-10-22 22:22:00,109800.0,109800.0,109800.0,109800.0,2
2025-10-22 22:26:00,109695.0,109695.0,109500.0,109500.0,30
2025-10-22 22:47:00,109580.0,109580.0,109580.0,109580.0,2
2025-10-22 23:05:00,109800.0,109800.0,109800.0,109800.0,17
2025-10-22 23:07:00,109905.0,109905.0,109905.0,109905.0,4
2025-10-22 23:34:00,110030.0,110030.0,110030.0,110030.0,4
2025-10-23 00:33:00,109930.0,109930.0,109920.0,109920.0,7
2025-10-23 00:34:00,109885.0,109885.0,109885.0,109885.0,5
2025-10-23 00:46:00,110265.0,110265.0,110265.0,110265.0,5
2025-10-23 01:00:00,109990.0,109990.0,109990.0,109990.0,2
2025-10-23 01:24:00,110180.0,110180.0,110180.0,110180.0,1
2025-10-23 02:03:00,110325.0,110325.0,110325.0,110325.0,5
2025-10-23 02:07:00,110330.0,110330.0,110330.0,110330.0,1
2025-10-23 02:14:00,110445.0,110445.0,110445.0,110445.0,1
2025-10-23 02:15:00,110405.0,110420.0,110405.0,110420.0,4
2025-10-23 02:16:00,110485.0,110830.0,110485.0,110830.0,2
2025-10-23 02:20:00,111215.0,111215.0,111200.0,111200.0,3
2025-10-23 02:24:00,111405.0,111405.0,111405.0,111405.0,1
2025-10-23 02:27:00,111405.0,111405.0,111405.0,111405.0,1
2025-10-23 02:52:00,111490.0,111510.0,111490.0,111510.0,5
2025-10-23 05:13:00,110615.0,110620.0,110575.0,110575.0,15
2025-10-23 05:15:00,110535.0,110535.0,110535.0,110535.0,5
2025-10-23 05:17:00,110490.0,110490.0,110490.0,110490.0,5
2025-10-23 05:33:00,110740.0,110740.0,110740.0,110740.0,5
2025-10-23 05:36:00,110790.0,110790.0,110790.0,110790.0,5
2025-10-23 05:37:00,110770.0,110770.0,110770.0,110770.0,5
2025-10-23 07:09:00,110750.0,110750.0,110750.0,110750.0,1
2025-10-23 07:17:00,110690.0,110690.0,110690.0,110690.0,2
2025-10-23 07:28:00,111000.0,111000.0,111000.0,111000.0,1
2025-10-23 07:33:00,110705.0,110705.0,110705.0,110705.0,1
2025-10-23 07:48:00,110550.0,110550.0,110550.0,110550.0,6
2025-10-23 08:13:00,110335.0,110335.0,110335.0,110335.0,4
2025-10-23 08:36:00,110285.0,110285.0,110150.0,110150.0,3
2025-10-23 08:45:00,110475.0,110475.0,110475.0,110475.0,2
2025-10-23 09:08:00,110320.0,110320.0,110320.0,110320.0,2
2025-10-23 09:31:00,110405.0,110405.0,110405.0,110405.0,1
2025-10-23 09:40:00,110915.0,110915.0,110915.0,110915.0,1
2025-10-23 09:53:00,110750.0,110750.0,110750.0,110750.0,1
2025-10-23 09:57:00,110980.0,110980.0,110980.0,110980.0,1
2025-10-23 10:03:00,110665.0,110665.0,110665.0,110665.0,1
2025-10-23 10:05:00,110900.0,110900.0,110900.0,110900.0,1
2025-10-23 10:08:00,110465.0,110465.0,110465.0,110465.0,1
2025-10-23 10:19:00,110170.0,110170.0,110170.0,110170.0,2
2025-10-23 10:25:00,110475.0,110475.0,110475.0,110475.0,1
2025-10-23 10:32:00,110795.0,110795.0,110795.0,110795.0,1
2025-10-23 11:04:00,111055.0,111055.0,111055.0,111055.0,1
2025-10-23 11:12:00,111400.0,111400.0,111400.0,111400.0,1
2025-10-23 12:15:00,111480.0,111480.0,111480.0,111480.0,10
2025-10-23 12:16:00,111585.0,111585.0,111585.0,111585.0,12
2025-10-23 12:17:00,111545.0,111545.0,111545.0,111545.0,10
2025-10-23 12:38:00,111000.0,111000.0,111000.0,111000.0,1
2025-10-23 12:41:00,111050.0,111050.0,111050.0,111050.0,11
2025-10-23 12:57:00,111680.0,111800.0,111680.0,111800.0,2
2025-10-23 13:34:00,111680.0,111680.0,111680.0,111680.0,1
2025-10-23 13:36:00,111950.0,112000.0,111950.0,112000.0,4
2025-10-23 13:37:00,112000.0,112000.0,112000.0,112000.0,1
2025-10-23 13:49:00,112525.0,112525.0,112525.0,112525.0,1
2025-10-23 13:51:00,112710.0,112710.0,112710.0,112710.0,1
2025-10-23 14:02:00,112705.0,112705.0,112705.0,112705.0,1
2025-10-23 14:05:00,112440.0,112440.0,112440.0,112440.0,2
2025-10-23 14:10:00,112300.0,112300.0,112300.0,112300.0,1
2025-10-23 14:15:00,112250.0,112250.0,112250.0,112250.0,2
2025-10-23 16:03:00,111185.0,111185.0,111145.0,111145.0,2
2025-10-23 16:47:00,111090.0,111090.0,111090.0,111090.0,1
2025-10-23 18:11:00,111310.0,111310.0,111310.0,111310.0,1
2025-10-23 19:02:00,111275.0,111275.0,111275.0,111275.0,1
2025-10-23 19:19:00,111320.0,111320.0,111320.0,111320.0,3
2025-10-23 19:41:00,111465.0,111465.0,111465.0,111465.0,1
2025-10-23 21:38:00,111600.0,111600.0,111600.0,111600.0,1
2025-10-23 22:03:00,111955.0,111955.0,111955.0,111955.0,5
2025-10-23 22:17:00,111835.0,111835.0,111835.0,111835.0,7
2025-10-24 00:16:00,111880.0,111880.0,111880.0,111880.0,1
2025-10-24 01:02:00,112420.0,112420.0,112420.0,112420.0,5
2025-10-24 02:19:00,112510.0,112510.0,112510.0,112510.0,1
2025-10-24 03:06:00,112900.0,112995.0,112900.0,112995.0,6
2025-10-24 05:32:00,112745.0,112745.0,112745.0,112745.0,1
2025-10-24 05:33:00,112675.0,112675.0,112675.0,112675.0,1
2025-10-24 05:39:00,112720.0,112720.0,112720.0,112720.0,1
2025-10-24 05:56:00,112670.0,112670.0,112670.0,112670.0,1
2025-10-24 06:06:00,112600.0,112600.0,112600.0,112600.0,1
2025-10-24 07:18:00,112590.0,112590.0,112590.0,112590.0,1
2025-10-24 07:32:00,112195.0,112195.0,112195.0,112195.0,2
2025-10-24 08:19:00,112435.0,112435.0,112435.0,112435.0,1
2025-10-24 08:23:00,112320.0,112320.0,112320.0,112320.0,1
2025-10-24 08:31:00,113440.0,113900.0,113440.0,113700.0,15
2025-10-24 08:34:00,112910.0,112910.0,112910.0,112910.0,10
2025-10-24 08:37:00,112970.0,112970.0,112970.0,112970.0,5
2025-10-24 09:08:00,112820.0,112820.0,112820.0,112820.0,2
2025-10-24 09:13:00,112515.0,112515.0,112515.0,112515.0,1
2025-10-24 09:17:00,112635.0,112635.0,112635.0,112635.0,2
2025-10-24 09:23:00,112710.0,112740.0,112710.0,112740.0,2
2025-10-24 09:33:00,112670.0,112670.0,112670.0,112670.0,1
2025-10-24 09:38:00,112500.0,112500.0,112335.0,112335.0,2
2025-10-24 09:43:00,112245.0,112245.0,112245.0,112245.0,5
2025-10-24 10:04:00,111800.0,111800.0,111755.0,111755.0,6
2025-10-24 10:08:00,111645.0,111645.0,111645.0,111645.0,2
2025-10-24 10:16:00,111800.0,111800.0,111800.0,111800.0,1
2025-10-24 10:22:00,111260.0,111260.0,111260.0,111260.0,1
2025-10-24 10:35:00,111510.0,111510.0,111510.0,111510.0,2
2025-10-24 10:47:00,111310.0,111310.0,111310.0,111310.0,4
2025-10-24 10:54:00,111090.0,111090.0,111090.0,111090.0,9
2025-10-24 10:55:00,111130.0,111130.0,111130.0,111130.0,1
2025-10-24 10:58:00,111340.0,111340.0,111340.0,111340.0,10
2025-10-24 11:01:00,111460.0,111460.0,111460.0,111460.0,20
2025-10-24 11:21:00,111830.0,111830.0,111830.0,111830.0,1
2025-10-24 11:55:00,111360.0,111360.0,111360.0,111360.0,1
2025-10-24 12:49:00,111375.0,111375.0,111375.0,111375.0,2
2025-10-24 12:54:00,111550.0,111550.0,111550.0,111550.0,1
2025-10-24 13:02:00,111525.0,111525.0,111525.0,111525.0,9
2025-10-24 15:03:00,112000.0,112000.0,112000.0,112000.0,1
2025-10-24 16:25:00,112090.0,112090.0,112090.0,112090.0,1
2025-10-24 16:57:00,112020.0,112020.0,112020.0,112020.0,1
2025-10-26 18:01:00,113825.0,115090.0,113825.0,115090.0,8
2025-10-26 18:03:00,115400.0,115400.0,115400.0,115400.0,1
2025-10-26 18:04:00,115430.0,116535.0,115430.0,116535.0,19
2025-10-26 18:05:00,116500.0,116700.0,116500.0,116700.0,3
2025-10-26 18:06:00,115875.0,115970.0,115875.0,115970.0,3
2025-10-26 18:07:00,115960.0,115960.0,115960.0,115960.0,2
2025-10-26 18:08:00,116000.0,116000.0,116000.0,116000.0,1
2025-10-26 18:10:00,116050.0,116050.0,116050.0,116050.0,5
2025-10-26 18:11:00,115840.0,115840.0,115840.0,115840.0,2
2025-10-26 18:18:00,115940.0,116020.0,115890.0,115890.0,23
2025-10-26 18:19:00,115570.0,115570.0,115570.0,115570.0,1
2025-10-26 18:26:00,115585.0,115585.0,115585.0,115585.0,1
2025-10-26 18:45:00,115735.0,115735.0,115735.0,115735.0,5
2025-10-26 18:49:00,115915.0,115915.0,115915.0,115915.0,5
2025-10-26 18:53:00,116025.0,116025.0,116025.0,116025.0,1
2025-10-26 18:58:00,116095.0,116095.0,116095.0,116095.0,5
2025-10-26 18:59:00,115965.0,115965.0,115965.0,115965.0,5
2025-10-26 19:03:00,116275.0,116275.0,116275.0,116275.0,5
2025-10-26 19:04:00,116180.0,116180.0,116180.0,116180.0,5
2025-10-26 19:30:00,115785.0,115785.0,115685.0,115685.0,7
2025-10-26 19:32:00,115825.0,115825.0,115825.0,115825.0,1
2025-10-26 19:38:00,116080.0,116080.0,116080.0,116080.0,1
2025-10-26 19:48:00,115970.0,115970.0,115970.0,115970.0,3
2025-10-26 19:52:00,115840.0,115840.0,115840.0,115840.0,1
2025-10-26 20:09:00,116090.0,116090.0,116090.0,116090.0,1
2025-10-26 20:19:00,116300.0,116300.0,116300.0,116300.0,1
2025-10-26 20:29:00,116175.0,116175.0,116110.0,116110.0,6
2025-10-26 20:36:00,116505.0,116505.0,116505.0,116505.0,2
2025-10-26 20:37:00,116505.0,116505.0,116505.0,116505.0,1
2025-10-26 20:40:00,116245.0,116245.0,116200.0,116200.0,5
2025-10-26 20:44:00,116140.0,116140.0,116140.0,116140.0,1
2025-10-26 20:53:00,116065.0,116085.0,116065.0,116085.0,3
2025-10-26 20:54:00,116130.0,116130.0,116130.0,116130.0,1
2025-10-26 20:57:00,116150.0,116150.0,115985.0,115985.0,2
2025-10-26 21:04:00,116185.0,116185.0,116185.0,116185.0,12
2025-10-26 21:10:00,116130.0,116130.0,116130.0,116130.0,1
2025-10-26 21:11:00,116150.0,116185.0,116150.0,116185.0,3
2025-10-26 21:34:00,116345.0,116345.0,116345.0,116345.0,1
2025-10-26 21:36:00,116450.0,116450.0,116450.0,116450.0,10
2025-10-26 21:37:00,116460.0,116460.0,116460.0,116460.0,10
2025-10-26 21:40:00,116600.0,116600.0,116600.0,116600.0,1
2025-10-26 21:56:00,116620.0,116620.0,116620.0,116620.0,2
2025-10-26 22:57:00,116145.0,116145.0,116145.0,116145.0,1
2025-10-27 00:22:00,116580.0,116580.0,116580.0,116580.0,1
2025-10-27 01:19:00,116900.0,116900.0,116900.0,116900.0,1
2025-10-27 01:21:00,116835.0,116835.0,116835.0,116835.0,3
2025-10-27 01:23:00,116950.0,116950.0,116950.0,116950.0,3
2025-10-27 02:19:00,116990.0,117025.0,116990.0,117025.0,2
2025-10-27 02:40:00,117100.0,117100.0,117100.0,117100.0,10
2025-10-27 02:44:00,117105.0,117205.0,117105.0,117205.0,100
2025-10-27 02:46:00,117125.0,117135.0,117125.0,117135.0,16
2025-10-27 03:07:00,117655.0,117700.0,117655.0,117700.0,4
2025-10-27 03:29:00,117430.0,117430.0,117430.0,117430.0,1
2025-10-27 03:31:00,117290.0,117290.0,117290.0,117290.0,1
2025-10-27 04:05:00,116890.0,116890.0,116885.0,116885.0,4
2025-10-27 04:27:00,116700.0,116700.0,116700.0,116700.0,5
2025-10-27 04:37:00,116800.0,116800.0,116800.0,116800.0,1
2025-10-27 04:39:00,116700.0,116700.0,116700.0,116700.0,1
2025-10-27 05:11:00,116300.0,116335.0,116300.0,116335.0,7
2025-10-27 05:40:00,116710.0,116715.0,116710.0,116715.0,2
2025-10-27 06:54:00,116765.0,116765.0,116765.0,116765.0,10
2025-10-27 06:55:00,116860.0,116860.0,116860.0,116860.0,1
2025-10-27 08:09:00,116475.0,116475.0,116475.0,116475.0,2
2025-10-27 08:10:00,116535.0,116535.0,116535.0,116535.0,2
2025-10-27 08:31:00,116535.0,116535.0,116535.0,116535.0,1
2025-10-27 08:34:00,116575.0,116575.0,116475.0,116475.0,6
2025-10-27 08:36:00,116495.0,116495.0,116495.0,116495.0,1
2025-10-27 09:11:00,116590.0,116590.0,116590.0,116590.0,2
2025-10-27 09:37:00,116030.0,116085.0,116030.0,116085.0,5
2025-10-27 09:38:00,116325.0,116325.0,116325.0,116325.0,1
2025-10-27 09:40:00,116000.0,116000.0,116000.0,116000.0,3
2025-10-27 09:51:00,116380.0,116380.0,116380.0,116380.0,1
2025-10-27 09:53:00,116590.0,116590.0,116590.0,116590.0,1
2025-10-27 09:57:00,116740.0,116740.0,116740.0,116740.0,5
2025-10-27 10:00:00,116545.0,116545.0,116545.0,116545.0,1
2025-10-27 10:02:00,116650.0,116650.0,116650.0,116650.0,2
2025-10-27 10:09:00,115930.0,115930.0,115930.0,115930.0,1
2025-10-27 10:17:00,115930.0,116115.0,115930.0,116115.0,7
2025-10-27 10:18:00,115955.0,115955.0,115955.0,115955.0,2
2025-10-27 10:46:00,116095.0,116095.0,116095.0,116095.0,1
2025-10-27 10:53:00,115970.0,115970.0,115970.0,115970.0,1
2025-10-27 11:01:00,116000.0,116000.0,116000.0,116000.0,1
2025-10-27 11:07:00,116415.0,116415.0,116415.0,116415.0,3
2025-10-27 11:15:00,116185.0,116215.0,116185.0,116215.0,2
2025-10-27 11:16:00,116250.0,116250.0,116250.0,116250.0,1
2025-10-27 11:20:00,116295.0,116295.0,116295.0,116295.0,7
2025-10-27 11:24:00,116290.0,116290.0,116290.0,116290.0,1
2025-10-27 11:28:00,116395.0,116395.0,116395.0,116395.0,1
2025-10-27 11:29:00,116190.0,116190.0,116190.0,116190.0,1
2025-10-27 11:37:00,116285.0,116285.0,116285.0,116285.0,1
2025-10-27 12:06:00,116430.0,116430.0,116430.0,116430.0,1
2025-10-27 12:07:00,116460.0,116460.0,116460.0,116460.0,1
2025-10-27 12:11:00,116500.0,116500.0,116500.0,116500.0,1
2025-10-27 12:19:00,116825.0,116825.0,116825.0,116825.0,3
2025-10-27 12:22:00,116465.0,116465.0,116465.0,116465.0,1
2025-10-27 12:34:00,116720.0,116720.0,116720.0,116720.0,1
2025-10-27 12:39:00,116840.0,116840.0,116840.0,116840.0,1
2025-10-27 12:41:00,116930.0,116930.0,116830.0,116860.0,3
2025-10-27 12:43:00,116830.0,116830.0,116830.0,116830.0,3
2025-10-27 12:48:00,116830.0,116830.0,116830.0,116830.0,3
2025-10-27 12:50:00,116750.0,116750.0,116750.0,116750.0,1
2025-10-27 13:14:00,116910.0,116910.0,116910.0,116910.0,2
2025-10-27 13:37:00,116900.0,116925.0,116900.0,116925.0,11
2025-10-27 13:57:00,117095.0,117095.0,117095.0,117095.0,1
2025-10-27 14:14:00,117150.0,117150.0,117150.0,117150.0,2
2025-10-27 14:24:00,116870.0,116870.0,116870.0,116870.0,2
2025-10-27 14:34:00,116720.0,116720.0,116720.0,116720.0,1
2025-10-27 15:04:00,116270.0,116270.0,116270.0,116270.0,3
2025-10-27 15:32:00,116350.0,116350.0,116350.0,116350.0,1
2025-10-27 15:33:00,116310.0,116310.0,116310.0,116310.0,1
2025-10-27 15:34:00,116110.0,116110.0,116110.0,116110.0,1
2025-10-27 15:36:00,116100.0,116100.0,116100.0,116100.0,1
2025-10-27 16:12:00,116090.0,116090.0,116090.0,116090.0,1
2025-10-27 16:46:00,116005.0,116025.0,116005.0,116025.0,9
2025-10-27 16:48:00,116035.0,116035.0,116035.0,116035.0,1
2025-10-27 16:50:00,115995.0,115995.0,115995.0,115995.0,1
2025-10-27 18:01:00,115770.0,115770.0,115770.0,115770.0,1
2025-10-27 18:05:00,115740.0,115740.0,115740.0,115740.0,1
2025-10-27 18:09:00,115740.0,115740.0,115740.0,115740.0,1
2025-10-27 18:12:00,115750.0,115750.0,115750.0,115750.0,1
2025-10-27 19:20:00,115300.0,115300.0,115300.0,115300.0,10
2025-10-27 19:24:00,115275.0,115275.0,115275.0,115275.0,1
2025-10-27 19:26:00,115240.0,115240.0,115240.0,115240.0,1
2025-10-27 19:49:00,115515.0,115515.0,115515.0,115515.0,1
2025-10-27 19:50:00,115530.0,115530.0,115520.0,115520.0,2
2025-10-27 19:55:00,115525.0,115525.0,115525.0,115525.0,1
2025-10-27 20:13:00,115365.0,115410.0,115365.0,115410.0,10
2025-10-27 20:17:00,115500.0,115500.0,115475.0,115475.0,6
2025-10-27 20:24:00,115640.0,115640.0,115640.0,115640.0,5
2025-10-27 21:05:00,115510.0,115510.0,115510.0,115510.0,1
2025-10-27 21:12:00,115480.0,115490.0,115480.0,115490.0,3
2025-10-27 21:45:00,115770.0,115770.0,115770.0,115770.0,2
2025-10-27 21:47:00,115720.0,115720.0,115720.0,115720.0,1
2025-10-27 21:50:00,115795.0,115795.0,115795.0,115795.0,1
2025-10-27 22:10:00,115660.0,115660.0,115660.0,115660.0,2
2025-10-27 22:23:00,115315.0,115315.0,115315.0,115315.0,9
2025-10-27 22:24:00,115175.0,115175.0,115175.0,115175.0,2
2025-10-27 22:26:00,115305.0,115305.0,115305.0,115305.0,1
2025-10-27 22:50:00,115000.0,115000.0,114950.0,114950.0,7
2025-10-27 23:17:00,115130.0,115130.0,115130.0,115130.0,1
2025-10-27 23:52:00,115085.0,115085.0,115085.0,115085.0,5
2025-10-27 23:55:00,115155.0,115155.0,115155.0,115155.0,1
2025-10-28 00:09:00,115170.0,115170.0,115170.0,115170.0,1
2025-10-28 00:16:00,115250.0,115250.0,115250.0,115250.0,1
2025-10-28 00:29:00,115165.0,115165.0,115165.0,115165.0,1
2025-10-28 00:49:00,115320.0,115320.0,115320.0,115320.0,5
2025-10-28 01:43:00,115110.0,115110.0,115110.0,115110.0,1
2025-10-28 01:45:00,115095.0,115095.0,115095.0,115095.0,1
2025-10-28 01:46:00,115000.0,115000.0,115000.0,115000.0,1
2025-10-28 02:01:00,114855.0,114855.0,114855.0,114855.0,1
2025-10-28 02:04:00,114940.0,114955.0,114940.0,114955.0,3
2025-10-28 02:05:00,114965.0,114965.0,114965.0,114965.0,1
2025-10-28 02:11:00,115025.0,115025.0,115025.0,115025.0,1
2025-10-28 02:14:00,115050.0,115050.0,115050.0,115050.0,1
2025-10-28 02:29:00,115185.0,115185.0,115185.0,115185.0,1
2025-10-28 02:47:00,115300.0,115300.0,115300.0,115300.0,3
2025-10-28 03:55:00,115525.0,115525.0,115525.0,115525.0,3
2025-10-28 04:17:00,115385.0,115385.0,115385.0,115385.0,3
2025-10-28 04:50:00,115805.0,115805.0,115775.0,115775.0,2
2025-10-28 05:06:00,115910.0,115910.0,115910.0,115910.0,1
2025-10-28 05:34:00,115675.0,115675.0,115675.0,115675.0,1
2025-10-28 07:08:00,115905.0,115905.0,115905.0,115905.0,1
2025-10-28 07:44:00,115785.0,115785.0,115785.0,115785.0,1
2025-10-28 07:48:00,115695.0,115695.0,115695.0,115695.0,4
2025-10-28 07:52:00,115790.0,115790.0,115790.0,115790.0,1
2025-10-28 08:41:00,115705.0,115705.0,115705.0,115705.0,3
2025-10-28 08:52:00,115635.0,115635.0,115635.0,115635.0,3
2025-10-28 08:53:00,115825.0,115825.0,115635.0,115635.0,4
2025-10-28 09:07:00,115800.0,115810.0,115800.0,115810.0,2
2025-10-28 09:10:00,116165.0,116165.0,116165.0,116165.0,1
2025-10-28 09:17:00,116270.0,116270.0,116085.0,116085.0,5
2025-10-28 09:22:00,116410.0,116410.0,116410.0,116410.0,1
2025-10-28 09:26:00,116480.0,116480.0,116480.0,116480.0,1
2025-10-28 09:33:00,116490.0,116490.0,116490.0,116490.0,1
2025-10-28 09:39:00,116435.0,116435.0,116435.0,116435.0,1
2025-10-28 09:47:00,116655.0,116655.0,116655.0,116655.0,1
2025-10-28 09:52:00,116750.0,116750.0,116750.0,116750.0,5
2025-10-28 09:59:00,116880.0,116880.0,116880.0,116880.0,10
2025-10-28 10:16:00,117130.0,117235.0,117130.0,117235.0,3
2025-10-28 10:21:00,117530.0,117530.0,117530.0,117530.0,3
2025-10-28 10:22:00,117310.0,117310.0,117310.0,117310.0,1
2025-10-28 10:27:00,117120.0,117120.0,117100.0,117100.0,2
2025-10-28 10:28:00,117100.0,117100.0,117100.0,117100.0,1
2025-10-28 10:29:00,117230.0,117230.0,117230.0,117230.0,1
2025-10-28 10:30:00,117180.0,117180.0,117180.0,117180.0,1
2025-10-28 10:33:00,117000.0,117015.0,117000.0,117015.0,2
2025-10-28 10:34:00,116880.0,116880.0,116880.0,116880.0,1
2025-10-28 10:35:00,116815.0,116815.0,116815.0,116815.0,1
2025-10-28 10:39:00,116820.0,116820.0,116820.0,116820.0,1
2025-10-28 10:42:00,116290.0,116290.0,116290.0,116290.0,1
2025-10-28 10:43:00,116460.0,116460.0,116460.0,116460.0,2
2025-10-28 10:44:00,115995.0,115995.0,115995.0,115995.0,2
2025-10-28 10:46:00,115600.0,115600.0,115600.0,115600.0,2
2025-10-28 10:48:00,116000.0,116000.0,116000.0,116000.0,1
2025-10-28 10:51:00,116240.0,116240.0,116240.0,116240.0,1
2025-10-28 10:52:00,116195.0,116200.0,116195.0,116200.0,2
2025-10-28 10:53:00,116245.0,116255.0,116245.0,116255.0,2
2025-10-28 10:54:00,116255.0,116255.0,116255.0,116255.0,1
2025-10-28 11:13:00,116525.0,116525.0,116525.0,116525.0,1
2025-10-28 11:16:00,116520.0,116520.0,116520.0,116520.0,1
2025-10-28 11:18:00,116415.0,116415.0,116385.0,116385.0,2
2025-10-28 11:22:00,116435.0,116435.0,116435.0,116435.0,1
2025-10-28 11:37:00,116080.0,116080.0,116080.0,116080.0,1
2025-10-28 11:38:00,116065.0,116065.0,116065.0,116065.0,1
2025-10-28 12:09:00,116010.0,116010.0,116010.0,116010.0,1
2025-10-28 12:16:00,116070.0,116070.0,116070.0,116070.0,1
2025-10-28 12:20:00,115980.0,115980.0,115980.0,115980.0,1
2025-10-28 12:38:00,116590.0,116590.0,116590.0,116590.0,1
2025-10-28 13:08:00,116685.0,116685.0,116685.0,116685.0,2
2025-10-28 13:10:00,116815.0,116815.0,116815.0,116815.0,1
2025-10-28 13:20:00,116965.0,116965.0,116965.0,116965.0,1
2025-10-28 13:21:00,116840.0,116840.0,116840.0,116840.0,1
2025-10-28 13:33:00,116650.0,116650.0,116650.0,116650.0,1
2025-10-28 13:52:00,116685.0,116685.0,116685.0,116685.0,1
2025-10-28 14:45:00,116110.0,116110.0,116110.0,116110.0,1
2025-10-28 15:20:00,115300.0,115300.0,115265.0,115265.0,3
2025-10-28 15:29:00,115050.0,115070.0,114935.0,114935.0,5
2025-10-28 15:31:00,114835.0,114835.0,114835.0,114835.0,2
2025-10-28 15:32:00,114935.0,114935.0,114935.0,114935.0,3
2025-10-28 15:50:00,115000.0,115000.0,115000.0,115000.0,13
2025-10-28 16:10:00,114200.0,114200.0,114200.0,114200.0,1
2025-10-28 16:12:00,114315.0,114315.0,114315.0,114315.0,6
2025-10-28 16:13:00,114200.0,114200.0,114200.0,114200.0,1
2025-10-28 16:17:00,114100.0,114100.0,114100.0,114100.0,5
2025-10-28 16:32:00,113850.0,113850.0,113735.0,113735.0,6
2025-10-28 16:33:00,113585.0,113585.0,113585.0,113585.0,5
2025-10-28 16:35:00,113800.0,113800.0,113800.0,113800.0,1
2025-10-28 17:00:00,114170.0,114170.0,114170.0,114170.0,2
2025-10-28 18:21:00,114290.0,114290.0,114290.0,114290.0,2
2025-10-28 18:41:00,114405.0,114405.0,114405.0,114405.0,5
2025-10-28 18:51:00,114530.0,114530.0,114530.0,114530.0,1
2025-10-28 19:01:00,114430.0,114430.0,114430.0,114430.0,1
2025-10-28 20:14:00,114000.0,114000.0,114000.0,114000.0,2
2025-10-28 21:28:00,113250.0,113250.0,113250.0,113250.0,2
2025-10-28 21:49:00,113855.0,113855.0,113855.0,113855.0,10
2025-10-28 22:17:00,113770.0,113770.0,113770.0,113770.0,1
2025-10-28 22:26:00,113890.0,113910.0,113890.0,113910.0,2
2025-10-28 22:36:00,113850.0,113850.0,113850.0,113850.0,1
2025-10-28 22:38:00,113860.0,113860.0,113860.0,113860.0,5
2025-10-28 22:53:00,113980.0,113980.0,113980.0,113980.0,1
2025-10-28 23:06:00,113595.0,113595.0,113595.0,113595.0,1
2025-10-29 01:12:00,114200.0,114200.0,114200.0,114200.0,1
2025-10-29 02:05:00,114370.0,114370.0,114370.0,114370.0,1
2025-10-29 02:16:00,114265.0,114265.0,114265.0,114265.0,5
2025-10-29 02:42:00,114230.0,114230.0,114230.0,114230.0,5
2025-10-29 04:27:00,114550.0,114550.0,114550.0,114550.0,1
2025-10-29 04:29:00,114495.0,114495.0,114495.0,114495.0,1
2025-10-29 04:36:00,114395.0,114395.0,114395.0,114395.0,1
2025-10-29 07:05:00,114050.0,114050.0,114050.0,114050.0,10
2025-10-29 07:07:00,114090.0,114090.0,114090.0,114090.0,10
2025-10-29 09:07:00,114385.0,114385.0,114385.0,114385.0,1
2025-10-29 09:34:00,114715.0,114715.0,114715.0,114715.0,1
2025-10-29 09:38:00,114200.0,114200.0,114200.0,114200.0,2
2025-10-29 09:42:00,114200.0,114200.0,114200.0,114200.0,5
2025-10-29 09:47:00,114205.0,114205.0,114205.0,114205.0,5
2025-10-29 10:04:00,113740.0,113740.0,113740.0,113740.0,10
2025-10-29 11:05:00,113430.0,113430.0,113430.0,113430.0,1
2025-10-29 11:26:00,113590.0,113590.0,113590.0,113590.0,1
2025-10-29 11:29:00,113250.0,113250.0,113250.0,113250.0,2
2025-10-29 11:30:00,113150.0,113150.0,113150.0,113150.0,1
2025-10-29 11:32:00,113000.0,113000.0,112970.0,112970.0,2
2025-10-29 11:33:00,112860.0,112860.0,112860.0,112860.0,4
2025-10-29 11:35:00,113065.0,113065.0,113065.0,113065.0,1
2025-10-29 11:38:00,112855.0,112855.0,112800.0,112800.0,3
2025-10-29 11:44:00,112900.0,112910.0,112900.0,112910.0,3
2025-10-29 11:46:00,113050.0,113060.0,113050.0,113060.0,2
2025-10-29 11:48:00,112965.0,112965.0,112965.0,112965.0,1
2025-10-29 11:49:00,112700.0,112745.0,112700.0,112745.0,3
2025-10-29 11:53:00,112800.0,112800.0,112800.0,112800.0,1
2025-10-29 11:57:00,112585.0,112585.0,112550.0,112550.0,2
2025-10-29 11:58:00,112500.0,112500.0,112500.0,112500.0,1
2025-10-29 12:01:00,112645.0,112645.0,112500.0,112500.0,4
2025-10-29 12:08:00,112500.0,112500.0,112500.0,112500.0,1
2025-10-29 12:09:00,112565.0,112565.0,112565.0,112565.0,1
2025-10-29 12:11:00,112300.0,112300.0,112300.0,112300.0,2
2025-10-29 12:12:00,112250.0,112300.0,112200.0,112200.0,3
2025-10-29 12:13:00,112150.0,112150.0,112150.0,112150.0,1
2025-10-29 12:14:00,112100.0,112145.0,112100.0,112145.0,7
2025-10-29 12:15:00,112150.0,112150.0,112150.0,112150.0,1
2025-10-29 12:17:00,112300.0,112300.0,112300.0,112300.0,1
2025-10-29 12:24:00,112435.0,112435.0,112435.0,112435.0,1
2025-10-29 12:28:00,112430.0,112430.0,112430.0,112430.0,5
2025-10-29 12:31:00,112285.0,112285.0,112285.0,112285.0,1
2025-10-29 12:38:00,112200.0,112200.0,112200.0,112200.0,2
2025-10-29 12:41:00,112270.0,112270.0,112270.0,112270.0,1
2025-10-29 12:46:00,112370.0,112370.0,112370.0,112370.0,4
2025-10-29 13:03:00,112240.0,112240.0,112240.0,112240.0,1
2025-10-29 13:22:00,112050.0,112060.0,112050.0,112060.0,2
2025-10-29 13:25:00,112250.0,112250.0,112250.0,112250.0,1
2025-10-29 13:38:00,112840.0,112840.0,112840.0,112840.0,1
2025-10-29 13:44:00,112870.0,112870.0,112870.0,112870.0,10
2025-10-29 13:55:00,113000.0,113000.0,112930.0,112930.0,6
2025-10-29 14:00:00,112925.0,112925.0,112925.0,112925.0,1
2025-10-29 14:01:00,112595.0,112720.0,112580.0,112720.0,4
2025-10-29 14:05:00,112910.0,112910.0,112910.0,112910.0,3
2025-10-29 14:08:00,112605.0,112660.0,112605.0,112660.0,7
2025-10-29 14:09:00,112655.0,112850.0,112655.0,112850.0,8
2025-10-29 14:13:00,112665.0,112665.0,112665.0,112665.0,1
2025-10-29 14:23:00,112505.0,112505.0,112505.0,112505.0,1
2025-10-29 14:25:00,112505.0,112505.0,112505.0,112505.0,1
2025-10-29 14:36:00,112320.0,112320.0,111700.0,111700.0,3
2025-10-29 14:37:00,111485.0,111800.0,111485.0,111800.0,2
2025-10-29 14:38:00,111670.0,111670.0,111670.0,111670.0,10
2025-10-29 14:39:00,111395.0,111395.0,111295.0,111295.0,2
2025-10-29 14:40:00,110845.0,111050.0,110470.0,110470.0,15
2025-10-29 14:41:00,110470.0,110815.0,110465.0,110815.0,3
2025-10-29 14:44:00,111035.0,111035.0,111035.0,111035.0,1
2025-10-29 14:45:00,110945.0,110945.0,110945.0,110945.0,1
2025-10-29 14:46:00,111205.0,111205.0,111205.0,111205.0,1
2025-10-29 14:47:00,111140.0,111140.0,111140.0,111140.0,2
2025-10-29 14:48:00,111270.0,111270.0,111270.0,111270.0,1
2025-10-29 14:52:00,111635.0,111635.0,111635.0,111635.0,1
2025-10-29 14:59:00,111875.0,111875.0,111875.0,111875.0,2
2025-10-29 15:26:00,112100.0,112145.0,112100.0,112145.0,4
2025-10-29 15:37:00,111360.0,111360.0,111360.0,111360.0,1
2025-10-29 15:38:00,111340.0,111340.0,111340.0,111340.0,9
2025-10-29 15:40:00,111610.0,111610.0,111610.0,111610.0,1
2025-10-29 15:42:00,111315.0,111315.0,111315.0,111315.0,1
2025-10-29 15:51:00,111930.0,111930.0,111930.0,111930.0,3
2025-10-29 15:56:00,111905.0,111905.0,111905.0,111905.0,1
2025-10-29 16:00:00,111770.0,111770.0,111715.0,111715.0,7
2025-10-29 16:01:00,111800.0,111800.0,111800.0,111800.0,1
2025-10-29 16:09:00,111580.0,111580.0,111580.0,111580.0,10
2025-10-29 16:11:00,111670.0,111670.0,111670.0,111670.0,1
2025-10-29 16:15:00,111665.0,111670.0,111665.0,111670.0,3
2025-10-29 16:16:00,111685.0,111730.0,111660.0,111665.0,13
2025-10-29 16:17:00,111650.0,111705.0,111650.0,111705.0,6
2025-10-29 16:18:00,111855.0,111855.0,111855.0,111855.0,1
2025-10-29 16:23:00,112075.0,112150.0,112075.0,112125.0,5
2025-10-29 16:24:00,112160.0,112160.0,112125.0,112125.0,3
2025-10-29 16:26:00,112270.0,112270.0,112270.0,112270.0,2
2025-10-29 16:29:00,112370.0,112370.0,112370.0,112370.0,1
2025-10-29 18:59:00,112120.0,112120.0,112120.0,112120.0,1
2025-10-29 19:24:00,111650.0,111650.0,111650.0,111650.0,1
2025-10-29 19:25:00,111535.0,111550.0,111535.0,111550.0,6
2025-10-29 19:53:00,111100.0,111100.0,111100.0,111100.0,1
2025-10-29 19:54:00,111100.0,111100.0,111100.0,111100.0,1
2025-10-29 19:56:00,111205.0,111205.0,111205.0,111205.0,1
2025-10-29 20:02:00,111115.0,111115.0,111115.0,111115.0,1
2025-10-29 20:04:00,111130.0,111130.0,111130.0,111130.0,1
2025-10-29 20:14:00,111080.0,111080.0,111080.0,111080.0,1
2025-10-29 20:18:00,111260.0,111260.0,111260.0,111260.0,2
2025-10-29 20:46:00,111570.0,111570.0,111520.0,111520.0,3
2025-10-29 23:04:00,111960.0,111960.0,111960.0,111960.0,1
2025-10-30 00:09:00,111420.0,111420.0,111420.0,111420.0,2
2025-10-30 00:12:00,111000.0,111000.0,111000.0,111000.0,1
2025-10-30 00:25:00,110500.0,110500.0,110500.0,110500.0,2
2025-10-30 00:27:00,110250.0,110250.0,110200.0,110200.0,3
2025-10-30 00:28:00,110000.0,110000.0,109750.0,109750.0,10
2025-10-30 00:29:00,109550.0,109550.0,109500.0,109500.0,3
2025-10-30 00:30:00,109165.0,109190.0,109030.0,109190.0,11
2025-10-30 00:33:00,109000.0,109000.0,109000.0,109000.0,1
2025-10-30 00:41:00,110425.0,110425.0,110425.0,110425.0,1
2025-10-30 01:01:00,109690.0,109690.0,109690.0,109690.0,5
2025-10-30 01:03:00,109695.0,109695.0,109695.0,109695.0,2
2025-10-30 01:04:00,109730.0,109730.0,109730.0,109730.0,5
2025-10-30 01:07:00,109655.0,109655.0,109655.0,109655.0,5
2025-10-30 01:19:00,110020.0,110020.0,110020.0,110020.0,1
2025-10-30 01:33:00,110385.0,110385.0,110385.0,110385.0,2
2025-10-30 01:36:00,110300.0,110300.0,110300.0,110300.0,1
2025-10-30 01:41:00,110755.0,110755.0,110755.0,110755.0,1
2025-10-30 01:53:00,111295.0,111295.0,111295.0,111295.0,2
2025-10-30 01:54:00,111420.0,111420.0,111420.0,111420.0,3
2025-10-30 02:12:00,111400.0,111400.0,111400.0,111400.0,1
2025-10-30 02:14:00,111275.0,111275.0,111275.0,111275.0,1
2025-10-30 02:18:00,111170.0,111170.0,111170.0,111170.0,1
2025-10-30 02:42:00,111535.0,111535.0,111535.0,111535.0,1
2025-10-30 02:43:00,111840.0,111840.0,111840.0,111840.0,1
2025-10-30 02:54:00,112140.0,112160.0,112140.0,112160.0,10
2025-10-30 03:09:00,112045.0,112045.0,112045.0,112045.0,1
2025-10-30 03:12:00,112160.0,112170.0,112160.0,112170.0,3
2025-10-30 04:27:00,111840.0,111840.0,111840.0,111840.0,1
2025-10-30 05:01:00,111760.0,111765.0,111730.0,111730.0,4
2025-10-30 05:09:00,111680.0,111680.0,111680.0,111680.0,1
2025-10-30 05:11:00,111540.0,111540.0,111540.0,111540.0,1
2025-10-30 05:16:00,111570.0,111590.0,111570.0,111590.0,3
2025-10-30 05:19:00,111340.0,111340.0,111340.0,111340.0,1
2025-10-30 05:22:00,111245.0,111270.0,111245.0,111270.0,6
2025-10-30 05:28:00,111410.0,111425.0,111410.0,111425.0,3
2025-10-30 05:30:00,111480.0,111520.0,111480.0,111520.0,4
2025-10-30 05:38:00,111310.0,111310.0,111310.0,111310.0,1
2025-10-30 05:43:00,111255.0,111255.0,111255.0,111255.0,1
2025-10-30 05:45:00,111275.0,111275.0,111275.0,111275.0,1
2025-10-30 05:46:00,111300.0,111330.0,111300.0,111330.0,4
2025-10-30 05:51:00,111365.0,111365.0,111365.0,111365.0,1
2025-10-30 05:56:00,111430.0,111430.0,111430.0,111430.0,2
2025-10-30 06:34:00,111225.0,111235.0,111225.0,111235.0,18
2025-10-30 06:36:00,111200.0,111200.0,111200.0,111200.0,1
2025-10-30 06:53:00,111280.0,111280.0,111280.0,111280.0,1
2025-10-30 07:58:00,110800.0,110800.0,110800.0,110800.0,1
2025-10-30 08:09:00,110475.0,110475.0,110475.0,110475.0,2
2025-10-30 08:16:00,110415.0,110415.0,110415.0,110415.0,1
2025-10-30 08:25:00,110060.0,110060.0,110030.0,110030.0,2
2025-10-30 08:28:00,109955.0,109955.0,109950.0,109950.0,2
2025-10-30 08:33:00,109920.0,109920.0,109920.0,109920.0,1
2025-10-30 08:43:00,109755.0,109755.0,109755.0,109755.0,1
2025-10-30 08:47:00,109505.0,109505.0,109505.0,109505.0,3
2025-10-30 08:52:00,109385.0,109385.0,109385.0,109385.0,1
2025-10-30 09:00:00,109300.0,109325.0,109300.0,109325.0,5
2025-10-30 09:01:00,109375.0,109375.0,109375.0,109375.0,1
2025-10-30 09:28:00,109425.0,109425.0,109425.0,109425.0,1
2025-10-30 09:32:00,109555.0,109615.0,109555.0,109615.0,2
2025-10-30 09:37:00,109130.0,109130.0,109100.0,109100.0,2
2025-10-30 09:38:00,109005.0,109005.0,109000.0,109000.0,3
2025-10-30 09:39:00,108935.0,108935.0,108795.0,108795.0,10
2025-10-30 09:43:00,108390.0,108390.0,108390.0,108390.0,5
2025-10-30 09:44:00,108375.0,108375.0,108375.0,108375.0,2
2025-10-30 09:48:00,108790.0,108790.0,108765.0,108765.0,2
2025-10-30 09:50:00,108885.0,108885.0,108885.0,108885.0,3
2025-10-30 09:51:00,108985.0,108985.0,108985.0,108985.0,1
2025-10-30 09:56:00,109000.0,109000.0,108955.0,108955.0,4
2025-10-30 09:57:00,108845.0,108845.0,108845.0,108845.0,2
2025-10-30 10:01:00,108495.0,108495.0,108495.0,108495.0,3
2025-10-30 10:11:00,109015.0,109015.0,109015.0,109015.0,1
2025-10-30 10:12:00,108990.0,108990.0,108990.0,108990.0,1
2025-10-30 10:20:00,108995.0,108995.0,108975.0,108975.0,3
2025-10-30 10:34:00,108900.0,108900.0,108900.0,108900.0,1
2025-10-30 10:35:00,108995.0,108995.0,108995.0,108995.0,1
2025-10-30 10:36:00,108975.0,108975.0,108975.0,108975.0,1
2025-10-30 10:40:00,108995.0,108995.0,108995.0,108995.0,1
2025-10-30 10:41:00,108945.0,108980.0,108945.0,108980.0,2
2025-10-30 10:45:00,109370.0,109370.0,109370.0,109370.0,2
2025-10-30 10:46:00,109240.0,109240.0,109055.0,109055.0,2
2025-10-30 10:49:00,108920.0,108920.0,108920.0,108920.0,1
2025-10-30 10:53:00,108955.0,108955.0,108955.0,108955.0,1
2025-10-30 10:54:00,109150.0,109150.0,109150.0,109150.0,1
2025-10-30 11:26:00,108960.0,108960.0,108960.0,108960.0,2
2025-10-30 11:31:00,108895.0,108895.0,108895.0,108895.0,1
2025-10-30 11:34:00,108700.0,108700.0,108700.0,108700.0,1
2025-10-30 11:36:00,108775.0,108775.0,108775.0,108775.0,1
2025-10-30 11:38:00,108500.0,108500.0,108440.0,108440.0,2
2025-10-30 11:39:00,108515.0,108515.0,108490.0,108500.0,22
2025-10-30 11:42:00,108500.0,108500.0,108500.0,108500.0,1
2025-10-30 11:46:00,108655.0,108655.0,108655.0,108655.0,18
2025-10-30 11:48:00,108380.0,108380.0,108335.0,108335.0,4
2025-10-30 11:51:00,108400.0,108400.0,108400.0,108400.0,1
2025-10-30 12:06:00,108805.0,108925.0,108805.0,108925.0,4
2025-10-30 12:09:00,109050.0,109050.0,108980.0,108980.0,3
2025-10-30 12:10:00,109065.0,109065.0,109065.0,109065.0,2
2025-10-30 12:21:00,108995.0,108995.0,108995.0,108995.0,1
2025-10-30 12:48:00,109045.0,109045.0,109045.0,109045.0,10
2025-10-30 13:06:00,108805.0,108805.0,108805.0,108805.0,3
2025-10-30 13:15:00,108500.0,108500.0,108500.0,108500.0,1
2025-10-30 13:17:00,108425.0,108425.0,108425.0,108425.0,1
2025-10-30 13:18:00,108335.0,108335.0,108335.0,108335.0,2
2025-10-30 13:21:00,108195.0,108195.0,108100.0,108100.0,6
2025-10-30 13:22:00,108010.0,108010.0,107930.0,107930.0,15
2025-10-30 13:23:00,107910.0,107910.0,107910.0,107910.0,2
2025-10-30 13:24:00,107830.0,107830.0,107830.0,107830.0,1
2025-10-30 13:26:00,108000.0,108000.0,107980.0,107990.0,41
2025-10-30 13:27:00,108090.0,108090.0,108090.0,108090.0,1
2025-10-30 13:41:00,107900.0,107900.0,107900.0,107900.0,5
2025-10-30 13:44:00,108000.0,108000.0,108000.0,108000.0,5
2025-10-30 13:46:00,108160.0,108160.0,108160.0,108160.0,2
2025-10-30 13:49:00,108600.0,108600.0,108600.0,108600.0,5
2025-10-30 13:53:00,108590.0,108590.0,108590.0,108590.0,1
2025-10-30 13:55:00,108570.0,108570.0,108460.0,108460.0,4
2025-10-30 13:56:00,108425.0,108425.0,108425.0,108425.0,1
2025-10-30 14:18:00,108405.0,108405.0,108405.0,108405.0,3
2025-10-30 14:33:00,108525.0,108525.0,108525.0,108525.0,1
2025-10-30 14:34:00,108315.0,108315.0,108315.0,108315.0,1
2025-10-30 14:38:00,108000.0,108000.0,108000.0,108000.0,1
2025-10-30 14:48:00,108175.0,108175.0,108175.0,108175.0,1
2025-10-30 14:56:00,108010.0,108010.0,108010.0,108010.0,1
2025-10-30 14:59:00,107900.0,107900.0,107900.0,107900.0,1
2025-10-30 15:02:00,107800.0,107800.0,107775.0,107775.0,2
2025-10-30 15:03:00,107795.0,107795.0,107795.0,107795.0,8
2025-10-30 15:12:00,107920.0,107920.0,107920.0,107920.0,198
2025-10-30 15:16:00,107925.0,107925.0,107925.0,107925.0,1
2025-10-30 15:20:00,107765.0,107765.0,107765.0,107765.0,1
2025-10-30 15:24:00,107635.0,107635.0,107635.0,107635.0,1
2025-10-30 15:35:00,107810.0,107810.0,107810.0,107810.0,1
2025-10-30 15:41:00,107500.0,107500.0,107430.0,107435.0,21
2025-10-30 15:42:00,107530.0,107530.0,107530.0,107530.0,5
2025-10-30 15:43:00,107555.0,107555.0,107555.0,107555.0,5
2025-10-30 15:44:00,107740.0,107815.0,107740.0,107815.0,6
2025-10-30 15:45:00,107640.0,107640.0,107640.0,107640.0,5
2025-10-30 15:46:00,107655.0,107680.0,107655.0,107680.0,15
2025-10-30 15:53:00,108060.0,108060.0,108060.0,108060.0,2
2025-10-30 16:00:00,107445.0,107500.0,107445.0,107500.0,7
2025-10-30 16:01:00,107600.0,107600.0,107560.0,107560.0,2
2025-10-30 16:02:00,107645.0,107830.0,107645.0,107830.0,3
2025-10-30 16:08:00,107810.0,107810.0,107810.0,107810.0,2
2025-10-30 16:09:00,107850.0,107850.0,107850.0,107850.0,1
2025-10-30 16:12:00,108100.0,108100.0,108100.0,108100.0,1
2025-10-30 16:17:00,107985.0,107985.0,107985.0,107985.0,1
2025-10-30 16:18:00,107990.0,107990.0,107990.0,107990.0,5
2025-10-30 16:26:00,108025.0,108025.0,108025.0,108025.0,3
2025-10-30 16:28:00,108240.0,108240.0,108240.0,108240.0,2
2025-10-30 16:32:00,107860.0,107860.0,107860.0,107860.0,3
2025-10-30 16:34:00,108205.0,108205.0,108185.0,108185.0,4
2025-10-30 16:37:00,108450.0,108450.0,108450.0,108450.0,3
2025-10-30 16:40:00,108320.0,108320.0,108320.0,108320.0,3
2025-10-30 16:47:00,108410.0,108410.0,108410.0,108410.0,2
2025-10-30 16:53:00,108535.0,108535.0,108535.0,108535.0,1
2025-10-30 16:54:00,108620.0,108620.0,108620.0,108620.0,5
2025-10-30 18:01:00,108840.0,108840.0,108840.0,108840.0,1
2025-10-30 18:05:00,108935.0,108935.0,108935.0,108935.0,1
2025-10-30 18:12:00,108680.0,108680.0,108680.0,108680.0,1
2025-10-30 18:28:00,108595.0,108595.0,108595.0,108595.0,1
2025-10-30 18:31:00,108615.0,108615.0,108615.0,108615.0,1
2025-10-30 18:34:00,108425.0,108425.0,108425.0,108425.0,1
2025-10-30 18:49:00,108615.0,108625.0,108615.0,108625.0,4
2025-10-30 18:53:00,108715.0,108715.0,108715.0,108715.0,1
2025-10-30 18:54:00,108695.0,108695.0,108695.0,108695.0,1
2025-10-30 18:55:00,108815.0,108815.0,108815.0,108815.0,1
2025-10-30 19:02:00,108850.0,108850.0,108850.0,108850.0,1
2025-10-30 19:19:00,108600.0,108600.0,108600.0,108600.0,1
2025-10-30 19:35:00,108775.0,108985.0,108775.0,108985.0,11
2025-10-30 19:36:00,109000.0,109195.0,109000.0,109195.0,8
2025-10-30 19:37:00,109230.0,109230.0,109230.0,109230.0,1
2025-10-30 19:39:00,109145.0,109145.0,109145.0,109145.0,1
2025-10-30 20:02:00,109445.0,109445.0,109445.0,109445.0,1
2025-10-30 20:03:00,109320.0,109320.0,109310.0,109310.0,7
2025-10-30 20:06:00,109430.0,109435.0,109410.0,109410.0,3
2025-10-30 20:13:00,109490.0,109490.0,109490.0,109490.0,1
2025-10-30 20:18:00,109605.0,109605.0,109605.0,109605.0,1
2025-10-30 20:19:00,109605.0,109610.0,109595.0,109600.0,4
2025-10-30 20:22:00,109485.0,109485.0,109485.0,109485.0,1
2025-10-30 20:26:00,109385.0,109385.0,109385.0,109385.0,1
2025-10-30 20:30:00,109450.0,109450.0,109450.0,109450.0,1
2025-10-30 20:36:00,109455.0,109475.0,109455.0,109475.0,11
2025-10-30 20:37:00,109465.0,109465.0,109465.0,109465.0,1
2025-10-30 20:45:00,109705.0,109705.0,109705.0,109705.0,1
2025-10-30 20:46:00,109850.0,109865.0,109830.0,109865.0,9
2025-10-30 20:48:00,109760.0,109760.0,109760.0,109760.0,1
2025-10-30 20:51:00,109895.0,109895.0,109895.0,109895.0,1
2025-10-30 20:52:00,109925.0,109945.0,109925.0,109945.0,3
2025-10-30 20:53:00,109960.0,110250.0,109955.0,110250.0,7
2025-10-30 20:54:00,110335.0,110340.0,110335.0,110340.0,2
2025-10-30 20:55:00,110260.0,110295.0,110260.0,110295.0,2
2025-10-30 20:57:00,110305.0,110315.0,110305.0,110315.0,2
2025-10-30 20:58:00,110480.0,110500.0,110480.0,110500.0,2
2025-10-30 21:05:00,110345.0,110345.0,110345.0,110345.0,1
2025-10-30 21:07:00,110520.0,110520.0,110520.0,110520.0,1
2025-10-30 21:08:00,110715.0,110715.0,110715.0,110715.0,1
2025-10-30 21:09:00,110780.0,110810.0,110745.0,110810.0,5
2025-10-30 21:11:00,110885.0,110985.0,110885.0,110910.0,5
2025-10-30 21:12:00,111005.0,111005.0,110760.0,110760.0,4
2025-10-30 21:15:00,110775.0,110775.0,110775.0,110775.0,1
2025-10-30 21:17:00,110800.0,110885.0,110800.0,110885.0,2
2025-10-30 21:19:00,110840.0,110890.0,110840.0,110890.0,2
2025-10-30 21:20:00,110865.0,110865.0,110860.0,110860.0,4
2025-10-30 21:21:00,110905.0,110920.0,110905.0,110920.0,2
2025-10-30 21:22:00,110885.0,110885.0,110860.0,110860.0,2
2025-10-30 21:24:00,110730.0,110730.0,110725.0,110730.0,3
2025-10-30 21:25:00,110800.0,110800.0,110800.0,110800.0,1
2025-10-30 21:26:00,110795.0,110855.0,110795.0,110855.0,3
2025-10-30 21:27:00,110805.0,110805.0,110805.0,110805.0,1
2025-10-30 21:29:00,110845.0,110845.0,110845.0,110845.0,1
2025-10-30 21:31:00,110685.0,110685.0,110685.0,110685.0,1
2025-10-30 21:33:00,110575.0,110575.0,110550.0,110550.0,2
2025-10-30 21:34:00,110570.0,110570.0,110510.0,110510.0,2
2025-10-30 21:35:00,110495.0,110495.0,110495.0,110495.0,1
2025-10-30 21:37:00,110620.0,110675.0,110620.0,110675.0,2
2025-10-30 21:38:00,110715.0,110715.0,110715.0,110715.0,1
2025-10-30 21:41:00,110645.0,110645.0,110645.0,110645.0,1
2025-10-30 21:42:00,110535.0,110535.0,110515.0,110515.0,2
2025-10-30 21:43:00,110495.0,110495.0,110475.0,110480.0,9
2025-10-30 21:46:00,110545.0,110595.0,110545.0,110595.0,2
2025-10-30 21:52:00,110710.0,110730.0,110705.0,110730.0,3
2025-10-30 21:54:00,110760.0,110760.0,110710.0,110710.0,2
2025-10-30 21:55:00,110680.0,110680.0,110680.0,110680.0,2
2025-10-30 21:56:00,110715.0,110715.0,110715.0,110715.0,10
2025-10-30 21:57:00,110665.0,110665.0,110665.0,110665.0,1
2025-10-30 21:58:00,110635.0,110635.0,110550.0,110550.0,2
2025-10-30 22:02:00,110620.0,110620.0,110605.0,110605.0,2
2025-10-30 22:07:00,110450.0,110450.0,110450.0,110450.0,1
2025-10-30 22:08:00,110480.0,110480.0,110480.0,110480.0,1
2025-10-30 22:17:00,110160.0,110160.0,110110.0,110110.0,2
2025-10-30 22:32:00,110315.0,110315.0,110315.0,110315.0,1
2025-10-30 22:37:00,110180.0,110180.0,110180.0,110180.0,1
2025-10-30 22:38:00,110080.0,110080.0,110080.0,110080.0,1
2025-10-30 22:47:00,109810.0,109810.0,109810.0,109810.0,2
2025-10-30 22:53:00,109805.0,109805.0,109805.0,109805.0,1
2025-10-30 22:58:00,109885.0,109885.0,109885.0,109885.0,1
2025-10-30 23:04:00,109805.0,109805.0,109805.0,109805.0,1
2025-10-30 23:08:00,110040.0,110140.0,110040.0,110140.0,4
2025-10-30 23:09:00,110120.0,110120.0,110120.0,110120.0,1
2025-10-30 23:11:00,110225.0,110225.0,110225.0,110225.0,1
2025-10-30 23:13:00,110180.0,110180.0,110085.0,110085.0,4
2025-10-30 23:46:00,109985.0,109985.0,109985.0,109985.0,2
2025-10-30 23:47:00,110190.0,110190.0,110190.0,110190.0,1
2025-10-30 23:54:00,110235.0,110235.0,110235.0,110235.0,2
2025-10-31 00:09:00,110330.0,110330.0,110325.0,110325.0,2
2025-10-31 00:16:00,110375.0,110375.0,110375.0,110375.0,1
2025-10-31 00:17:00,110380.0,110380.0,110380.0,110380.0,1
2025-10-31 00:21:00,110385.0,110390.0,110385.0,110390.0,3
2025-10-31 00:23:00,110635.0,110740.0,110635.0,110740.0,2
2025-10-31 00:37:00,110835.0,110835.0,110835.0,110835.0,1
2025-10-31 00:41:00,110940.0,110990.0,110940.0,110990.0,3
2025-10-31 00:42:00,111140.0,111140.0,111140.0,111140.0,2
2025-10-31 00:46:00,111070.0,111070.0,111070.0,111070.0,1
2025-10-31 00:48:00,110950.0,110950.0,110950.0,110950.0,1
2025-10-31 00:56:00,111105.0,111105.0,111105.0,111105.0,1
2025-10-31 00:57:00,111140.0,111140.0,111140.0,111140.0,1
2025-10-31 00:59:00,111115.0,111115.0,111115.0,111115.0,2
2025-10-31 01:01:00,110955.0,110955.0,110955.0,110955.0,1
2025-10-31 01:02:00,110940.0,110940.0,110940.0,110940.0,1
2025-10-31 01:07:00,111010.0,111010.0,111010.0,111010.0,2
2025-10-31 01:12:00,110995.0,110995.0,110995.0,110995.0,1
2025-10-31 01:17:00,110840.0,110840.0,110840.0,110840.0,1
2025-10-31 02:54:00,110625.0,110645.0,110625.0,110645.0,6
2025-10-31 03:10:00,110375.0,110375.0,110375.0,110375.0,1
2025-10-31 03:40:00,110580.0,110670.0,110580.0,110670.0,25
2025-10-31 03:41:00,110660.0,110675.0,110615.0,110615.0,25
2025-10-31 03:42:00,110590.0,110590.0,110590.0,110590.0,1
2025-10-31 03:44:00,110640.0,110640.0,110630.0,110630.0,6
2025-10-31 03:45:00,110630.0,110630.0,110550.0,110550.0,9
2025-10-31 03:54:00,110360.0,110360.0,110360.0,110360.0,1
2025-10-31 04:05:00,110590.0,110700.0,110580.0,110700.0,10
2025-10-31 04:07:00,110590.0,110590.0,110590.0,110590.0,1
2025-10-31 04:16:00,110260.0,110260.0,110260.0,110260.0,1
2025-10-31 04:18:00,110445.0,110555.0,110445.0,110555.0,5
2025-10-31 04:19:00,110395.0,110445.0,110395.0,110435.0,13
2025-10-31 04:21:00,110510.0,110510.0,110510.0,110510.0,1
2025-10-31 04:22:00,110470.0,110470.0,110465.0,110465.0,6
2025-10-31 04:23:00,110525.0,110525.0,110525.0,110525.0,1
2025-10-31 04:30:00,110710.0,110725.0,110710.0,110725.0,7
2025-10-31 04:59:00,111005.0,111005.0,111005.0,111005.0,1
2025-10-31 05:07:00,111110.0,111110.0,111110.0,111110.0,1
2025-10-31 05:09:00,111240.0,111240.0,111240.0,111240.0,1
2025-10-31 05:19:00,111405.0,111535.0,111405.0,111535.0,4
2025-10-31 05:20:00,111460.0,111460.0,111460.0,111460.0,1
2025-10-31 05:33:00,111190.0,111190.0,111190.0,111190.0,2
2025-10-31 05:37:00,111040.0,111040.0,111040.0,111040.0,1
2025-10-31 06:00:00,111010.0,111010.0,111010.0,111010.0,1
2025-10-31 06:06:00,110995.0,110995.0,110995.0,110995.0,1
2025-10-31 06:40:00,111050.0,111050.0,111050.0,111050.0,1
2025-10-31 06:56:00,110950.0,110950.0,110950.0,110950.0,1
2025-10-31 07:04:00,110810.0,110810.0,110810.0,110810.0,1
2025-10-31 07:05:00,110855.0,110855.0,110855.0,110855.0,1
2025-10-31 07:16:00,110715.0,110715.0,110715.0,110715.0,1
2025-10-31 07:17:00,110660.0,110660.0,110650.0,110650.0,8
2025-10-31 07:19:00,110615.0,110615.0,110615.0,110615.0,1
2025-10-31 07:32:00,110665.0,110665.0,110665.0,110665.0,1
2025-10-31 07:45:00,110645.0,110645.0,110645.0,110645.0,1
2025-10-31 07:54:00,111435.0,111475.0,111435.0,111475.0,2
2025-10-31 07:59:00,111400.0,111400.0,111400.0,111400.0,1
2025-10-31 08:10:00,111455.0,111455.0,111455.0,111455.0,1
2025-10-31 08:17:00,111300.0,111300.0,111300.0,111300.0,1
2025-10-31 08:18:00,111410.0,111410.0,111410.0,111410.0,1
2025-10-31 08:28:00,111190.0,111190.0,111190.0,111190.0,1
2025-10-31 08:30:00,111350.0,111350.0,111350.0,111350.0,2
2025-10-31 08:32:00,111345.0,111355.0,111345.0,111355.0,2
2025-10-31 08:35:00,111350.0,111350.0,111350.0,111350.0,2
2025-10-31 08:36:00,111350.0,111395.0,111350.0,111395.0,10
2025-10-31 08:38:00,111205.0,111205.0,111205.0,111205.0,1
2025-10-31 08:40:00,110945.0,110970.0,110945.0,110970.0,4
2025-10-31 08:41:00,110820.0,110885.0,110790.0,110885.0,6
2025-10-31 08:42:00,110780.0,110780.0,110765.0,110765.0,2
2025-10-31 08:43:00,110725.0,110725.0,110725.0,110725.0,1
2025-10-31 08:46:00,110860.0,110860.0,110860.0,110860.0,1
2025-10-31 08:47:00,110840.0,110840.0,110840.0,110840.0,1
2025-10-31 08:48:00,110735.0,110735.0,110735.0,110735.0,1
2025-10-31 08:50:00,110705.0,110740.0,110705.0,110740.0,2
2025-10-31 08:54:00,110970.0,110970.0,110970.0,110970.0,1
2025-10-31 09:11:00,110865.0,110865.0,110865.0,110865.0,1
2025-10-31 09:14:00,111105.0,111105.0,111105.0,111105.0,1
2025-10-31 09:22:00,111075.0,111260.0,111075.0,111260.0,4
2025-10-31 09:23:00,111145.0,111145.0,111145.0,111145.0,1
2025-10-31 09:24:00,111040.0,111040.0,111040.0,111040.0,1
2025-10-31 09:26:00,111000.0,111000.0,111000.0,111000.0,2
2025-10-31 09:31:00,110915.0,110955.0,110915.0,110955.0,2
2025-10-31 09:32:00,110875.0,110875.0,110875.0,110875.0,5
2025-10-31 09:34:00,110500.0,110500.0,110500.0,110500.0,1
2025-10-31 09:35:00,110565.0,110670.0,110565.0,110670.0,2
2025-10-31 09:37:00,110805.0,110805.0,110805.0,110805.0,1
2025-10-31 09:38:00,110800.0,110800.0,110800.0,110800.0,2
2025-10-31 09:41:00,110665.0,110665.0,110665.0,110665.0,1
2025-10-31 09:44:00,110655.0,110660.0,110655.0,110660.0,3
2025-10-31 09:45:00,110625.0,110690.0,110625.0,110690.0,3
2025-10-31 09:48:00,111185.0,111185.0,111185.0,111185.0,2
2025-10-31 09:49:00,111000.0,111000.0,111000.0,111000.0,1
2025-10-31 09:51:00,110850.0,110850.0,110850.0,110850.0,1
2025-10-31 09:52:00,110945.0,110945.0,110945.0,110945.0,1
2025-10-31 09:57:00,111275.0,111275.0,111275.0,111275.0,5
2025-10-31 10:00:00,111130.0,111130.0,111130.0,111130.0,1
2025-10-31 10:01:00,111100.0,111100.0,111100.0,111100.0,1
2025-10-31 10:07:00,111300.0,111355.0,111300.0,111355.0,3
2025-10-31 10:08:00,111380.0,111380.0,111380.0,111380.0,5
2025-10-31 10:09:00,111355.0,111470.0,111355.0,111470.0,2
2025-10-31 10:10:00,111390.0,111395.0,111390.0,111395.0,3
2025-10-31 10:12:00,111390.0,111390.0,111390.0,111390.0,5
2025-10-31 10:13:00,111090.0,111090.0,111090.0,111090.0,1
2025-10-31 10:16:00,110995.0,110995.0,110980.0,110980.0,11
2025-10-31 10:26:00,111035.0,111035.0,110960.0,110960.0,2
2025-10-31 10:27:00,110975.0,110975.0,110975.0,110975.0,1
2025-10-31 10:33:00,110745.0,110745.0,110745.0,110745.0,1
2025-10-31 10:34:00,110880.0,110880.0,110880.0,110880.0,1
2025-10-31 10:36:00,110865.0,111055.0,110865.0,111055.0,16
2025-10-31 10:37:00,111040.0,111040.0,111040.0,111040.0,1
2025-10-31 10:38:00,111065.0,111065.0,111065.0,111065.0,1
2025-10-31 10:41:00,111050.0,111055.0,111050.0,111055.0,3
2025-10-31 10:42:00,111075.0,111075.0,111020.0,111045.0,7
2025-10-31 10:51:00,111120.0,111125.0,111120.0,111125.0,2
2025-10-31 10:55:00,111400.0,111400.0,111400.0,111400.0,1
2025-10-31 10:58:00,112035.0,112065.0,112035.0,112065.0,5
2025-10-31 10:59:00,111830.0,111830.0,111830.0,111830.0,1
2025-10-31 11:08:00,111505.0,111505.0,111505.0,111505.0,1
2025-10-31 11:09:00,111685.0,111705.0,111685.0,111705.0,4
2025-10-31 11:10:00,111975.0,111975.0,111975.0,111975.0,1
2025-10-31 11:11:00,112175.0,112190.0,112035.0,112035.0,4
2025-10-31 11:12:00,111815.0,111815.0,111815.0,111815.0,2
2025-10-31 11:14:00,111800.0,111805.0,111800.0,111805.0,2
2025-10-31 11:15:00,111790.0,111790.0,111790.0,111790.0,16
2025-10-31 11:16:00,111865.0,111865.0,111820.0,111820.0,4
2025-10-31 11:17:00,111760.0,111760.0,111760.0,111760.0,1
2025-10-31 11:33:00,111645.0,111645.0,111645.0,111645.0,1
2025-10-31 11:45:00,111355.0,111500.0,111240.0,111500.0,21
2025-10-31 11:47:00,111595.0,111595.0,111595.0,111595.0,1
2025-10-31 11:48:00,111515.0,111515.0,111515.0,111515.0,1
2025-10-31 11:49:00,111405.0,111445.0,111405.0,111445.0,4
2025-10-31 11:55:00,111420.0,111420.0,111420.0,111420.0,1
2025-10-31 12:07:00,111305.0,111305.0,111305.0,111305.0,2
2025-10-31 12:12:00,111145.0,111145.0,111145.0,111145.0,2
2025-10-31 12:17:00,111060.0,111060.0,111060.0,111060.0,1
2025-10-31 12:19:00,110930.0,110930.0,110925.0,110925.0,2
2025-10-31 12:24:00,111065.0,111065.0,111065.0,111065.0,1
2025-10-31 12:25:00,111120.0,111120.0,111120.0,111120.0,1
2025-10-31 12:26:00,111145.0,111170.0,111145.0,111170.0,6
2025-10-31 12:27:00,111220.0,111220.0,111220.0,111220.0,3
2025-10-31 12:28:00,111235.0,111235.0,111235.0,111235.0,1
2025-10-31 12:29:00,111230.0,111230.0,111230.0,111230.0,1
2025-10-31 12:31:00,111280.0,111280.0,111280.0,111280.0,1
2025-10-31 12:34:00,111230.0,111230.0,111230.0,111230.0,1
2025-10-31 12:35:00,111100.0,111100.0,111050.0,111050.0,7
2025-10-31 12:41:00,110990.0,110990.0,110990.0,110990.0,1
2025-10-31 12:45:00,110740.0,110740.0,110740.0,110740.0,1
2025-10-31 12:46:00,110680.0,110680.0,110680.0,110680.0,1
2025-10-31 12:47:00,110650.0,110920.0,110650.0,110750.0,54
2025-10-31 12:48:00,110765.0,110795.0,110675.0,110675.0,67
2025-10-31 12:50:00,110665.0,110665.0,110665.0,110665.0,1
2025-10-31 12:51:00,110605.0,110605.0,110015.0,110175.0,25
2025-10-31 12:52:00,110135.0,110135.0,110015.0,110015.0,4
2025-10-31 12:55:00,110345.0,110355.0,110215.0,110215.0,6
2025-10-31 12:56:00,110210.0,110300.0,110200.0,110300.0,8
2025-10-31 13:00:00,109845.0,109875.0,109845.0,109875.0,7
2025-10-31 13:01:00,109790.0,109790.0,109790.0,109790.0,3
2025-10-31 13:02:00,109835.0,109885.0,109835.0,109885.0,6
2025-10-31 13:05:00,110020.0,110020.0,110020.0,110020.0,1
2025-10-31 13:09:00,110285.0,110285.0,110235.0,110265.0,4
2025-10-31 13:10:00,110225.0,110235.0,110175.0,110190.0,5
2025-10-31 13:13:00,110040.0,110150.0,110040.0,110065.0,3
2025-10-31 13:15:00,110000.0,110000.0,110000.0,110000.0,1
2025-10-31 13:16:00,110030.0,110030.0,109990.0,109990.0,2
2025-10-31 13:17:00,109925.0,109925.0,109925.0,109925.0,9
2025-10-31 13:18:00,110000.0,110000.0,110000.0,110000.0,5
2025-10-31 13:19:00,109980.0,109980.0,109980.0,109980.0,1
2025-10-31 13:20:00,109790.0,109840.0,109790.0,109840.0,3
2025-10-31 13:21:00,109860.0,109860.0,109860.0,109860.0,1
2025-10-31 13:22:00,109965.0,109965.0,109960.0,109960.0,2
2025-10-31 13:24:00,109930.0,109975.0,109930.0,109975.0,4
2025-10-31 13:29:00,110345.0,110350.0,110345.0,110350.0,3
2025-10-31 13:30:00,110290.0,110290.0,110290.0,110290.0,1
2025-10-31 13:31:00,110100.0,110100.0,110100.0,110100.0,1
2025-10-31 13:33:00,110280.0,110280.0,110280.0,110280.0,1
2025-10-31 13:34:00,110215.0,110215.0,110215.0,110215.0,3
2025-10-31 13:50:00,110400.0,110400.0,110400.0,110400.0,5
2025-10-31 13:53:00,110495.0,110495.0,110440.0,110440.0,7
2025-10-31 13:56:00,110375.0,110375.0,110375.0,110375.0,5
2025-10-31 14:02:00,110505.0,110505.0,110505.0,110505.0,1
2025-10-31 14:07:00,110490.0,110540.0,110490.0,110540.0,3
2025-10-31 14:09:00,110550.0,110550.0,110550.0,110550.0,1
2025-10-31 14:12:00,110650.0,110650.0,110650.0,110650.0,1
2025-10-31 14:13:00,110445.0,110445.0,110445.0,110445.0,1
2025-10-31 14:17:00,110380.0,110380.0,110380.0,110380.0,1
2025-10-31 14:18:00,110305.0,110305.0,110300.0,110300.0,2
2025-10-31 14:35:00,110085.0,110150.0,110070.0,110070.0,8
2025-10-31 14:36:00,110040.0,110040.0,110040.0,110040.0,1
2025-10-31 14:40:00,110495.0,110635.0,110495.0,110635.0,4
2025-10-31 14:41:00,110680.0,110680.0,110680.0,110680.0,1
2025-10-31 14:42:00,110590.0,110590.0,110590.0,110590.0,1
2025-10-31 14:44:00,110615.0,110615.0,110615.0,110615.0,1
2025-10-31 14:45:00,110595.0,110775.0,110595.0,110775.0,9
2025-10-31 14:58:00,110505.0,110505.0,110505.0,110505.0,1
2025-10-31 15:26:00,110920.0,110935.0,110920.0,110935.0,2
2025-10-31 15:27:00,110965.0,110965.0,110965.0,110965.0,1
2025-10-31 15:31:00,110900.0,110900.0,110900.0,110900.0,1
2025-10-31 15:35:00,111135.0,111235.0,111135.0,111215.0,6
2025-10-31 15:36:00,111090.0,111090.0,111090.0,111090.0,5
2025-10-31 15:42:00,110930.0,110930.0,110930.0,110930.0,1
2025-10-31 15:44:00,111000.0,111000.0,111000.0,111000.0,10
2025-10-31 15:45:00,111000.0,111000.0,111000.0,111000.0,4
2025-10-31 15:46:00,111050.0,111055.0,111035.0,111055.0,6
2025-10-31 15:48:00,111250.0,111250.0,111250.0,111250.0,1
2025-10-31 15:50:00,111205.0,111205.0,111205.0,111205.0,1
2025-10-31 15:59:00,110925.0,110925.0,110925.0,110925.0,1
2025-10-31 16:04:00,110725.0,110725.0,110725.0,110725.0,2
2025-10-31 16:06:00,110675.0,110675.0,110640.0,110650.0,12
2025-10-31 16:09:00,110785.0,110800.0,110780.0,110785.0,6
2025-10-31 16:11:00,110780.0,110780.0,110780.0,110780.0,1
2025-10-31 16:13:00,110845.0,110865.0,110845.0,110865.0,3
2025-10-31 16:20:00,110740.0,110740.0,110740.0,110740.0,4
2025-10-31 16:40:00,110490.0,110490.0,110490.0,110490.0,7
2025-10-31 16:43:00,110490.0,110490.0,110490.0,110490.0,3
2025-10-31 16:49:00,110885.0,110885.0,110885.0,110885.0,2
2025-10-31 16:56:00,110605.0,110645.0,110550.0,110590.0,38
2025-10-31 16:58:00,110555.0,110555.0,110555.0,110555.0,1
2025-10-31 17:00:00,110605.0,110605.0,110605.0,110605.0,1
2025-11-02 18:01:00,110940.0,110940.0,110940.0,110940.0,1
2025-11-02 18:02:00,111290.0,111290.0,111290.0,111290.0,1
2025-11-02 18:03:00,111290.0,111290.0,111290.0,111290.0,5
2025-11-02 18:21:00,111355.0,111355.0,111355.0,111355.0,1
2025-11-02 18:22:00,111355.0,111355.0,111355.0,111355.0,30
2025-11-02 18:40:00,111475.0,111490.0,111475.0,111490.0,4
2025-11-02 18:43:00,111590.0,111590.0,111590.0,111590.0,4
2025-11-02 18:49:00,111455.0,111455.0,111420.0,111420.0,3
2025-11-02 18:52:00,111475.0,111475.0,111475.0,111475.0,1
2025-11-02 18:55:00,111800.0,111800.0,111800.0,111800.0,2
2025-11-02 19:08:00,111775.0,111775.0,111775.0,111775.0,5
2025-11-02 19:35:00,111400.0,111400.0,111400.0,111400.0,4
2025-11-02 19:41:00,111490.0,111490.0,111490.0,111490.0,1
2025-11-02 19:55:00,111120.0,111120.0,111120.0,111120.0,1
2025-11-02 19:58:00,110900.0,110900.0,110900.0,110900.0,1
2025-11-02 20:08:00,110650.0,110650.0,110650.0,110650.0,5
2025-11-02 20:10:00,110960.0,110960.0,110960.0,110960.0,1
2025-11-02 20:25:00,110655.0,110770.0,110645.0,110770.0,8
2025-11-02 20:26:00,110700.0,110700.0,110700.0,110700.0,1
2025-11-02 20:36:00,110700.0,110700.0,110430.0,110430.0,18
2025-11-02 20:37:00,110465.0,110470.0,110465.0,110470.0,10
2025-11-02 20:39:00,110860.0,110860.0,110860.0,110860.0,10
2025-11-02 20:42:00,110740.0,110740.0,110740.0,110740.0,3
2025-11-02 20:47:00,110950.0,110950.0,110950.0,110950.0,25
2025-11-02 20:49:00,110910.0,110950.0,110910.0,110950.0,10
2025-11-02 20:50:00,110860.0,110860.0,110860.0,110860.0,5
2025-11-02 20:51:00,110800.0,110800.0,110800.0,110800.0,5
2025-11-02 20:52:00,110730.0,110730.0,110730.0,110730.0,1
2025-11-02 20:57:00,110730.0,110730.0,110730.0,110730.0,4
2025-11-02 21:05:00,110660.0,110660.0,110660.0,110660.0,5
2025-11-02 21:28:00,110420.0,110420.0,110420.0,110420.0,1
2025-11-02 21:32:00,110170.0,110170.0,110170.0,110170.0,2
2025-11-02 21:33:00,110140.0,110165.0,110140.0,110165.0,3
2025-11-02 21:39:00,110000.0,110000.0,110000.0,110000.0,1
2025-11-02 21:41:00,110095.0,110095.0,110000.0,110000.0,2
2025-11-02 21:43:00,110000.0,110000.0,110000.0,110000.0,2
2025-11-02 21:45:00,110060.0,110060.0,110060.0,110060.0,2
2025-11-02 21:46:00,109945.0,109955.0,109935.0,109935.0,3
2025-11-02 21:50:00,109910.0,109910.0,109910.0,109910.0,1
2025-11-02 21:52:00,110055.0,110055.0,110055.0,110055.0,1
2025-11-02 21:53:00,110025.0,110025.0,110015.0,110015.0,2
2025-11-02 21:58:00,110130.0,110130.0,110130.0,110130.0,1
2025-11-02 22:01:00,110150.0,110150.0,110150.0,110150.0,1
2025-11-02 22:04:00,110290.0,110295.0,110290.0,110295.0,2
2025-11-02 22:06:00,110085.0,110085.0,110085.0,110085.0,1
2025-11-02 22:13:00,109555.0,109555.0,109555.0,109555.0,1
2025-11-02 22:14:00,109620.0,109620.0,109620.0,109620.0,3
2025-11-02 22:15:00,109410.0,109410.0,109280.0,109280.0,4
2025-11-02 22:16:00,109390.0,109390.0,109390.0,109390.0,1
2025-11-02 22:17:00,109535.0,109535.0,109535.0,109535.0,1
2025-11-02 22:26:00,109160.0,109160.0,109150.0,109150.0,4
2025-11-02 22:29:00,109240.0,109240.0,109240.0,109240.0,1
2025-11-02 22:30:00,109185.0,109185.0,109185.0,109185.0,1
2025-11-02 22:31:00,109175.0,109175.0,109175.0,109175.0,2
2025-11-02 22:39:00,109530.0,109530.0,109530.0,109530.0,3
2025-11-02 22:46:00,109300.0,109300.0,109300.0,109300.0,1
2025-11-02 22:54:00,108980.0,108980.0,108960.0,108960.0,4
2025-11-02 22:55:00,109060.0,109060.0,109010.0,109010.0,2
2025-11-02 23:06:00,108700.0,108700.0,108700.0,108700.0,1
2025-11-02 23:11:00,109010.0,109010.0,109010.0,109010.0,1
2025-11-02 23:16:00,108795.0,108795.0,108780.0,108780.0,5
2025-11-02 23:20:00,108565.0,108565.0,108565.0,108565.0,1
2025-11-02 23:22:00,108655.0,108665.0,108655.0,108665.0,10
2025-11-02 23:32:00,108855.0,108865.0,108855.0,108865.0,3
2025-11-02 23:37:00,109025.0,109060.0,109025.0,109060.0,2
2025-11-02 23:41:00,108990.0,109030.0,108990.0,109030.0,3
2025-11-02 23:44:00,108915.0,108915.0,108820.0,108825.0,14
2025-11-02 23:55:00,109025.0,109075.0,109025.0,109075.0,8
2025-11-02 23:56:00,109000.0,109020.0,109000.0,109020.0,10
2025-11-02 23:58:00,108925.0,108925.0,108925.0,108925.0,1
2025-11-02 23:59:00,108930.0,108930.0,108930.0,108930.0,5
2025-11-03 00:01:00,108990.0,108990.0,108990.0,108990.0,5
2025-11-03 00:02:00,109030.0,109035.0,109010.0,109035.0,4
2025-11-03 00:04:00,108995.0,108995.0,108995.0,108995.0,5
2025-11-03 00:05:00,108960.0,108960.0,108960.0,108960.0,5
2025-11-03 00:13:00,108875.0,108875.0,108870.0,108870.0,5
2025-11-03 00:14:00,108975.0,109025.0,108975.0,109025.0,7
2025-11-03 00:23:00,109060.0,109155.0,109060.0,109155.0,2
2025-11-03 00:26:00,108875.0,108875.0,108835.0,108835.0,3
2025-11-03 00:27:00,108880.0,108880.0,108880.0,108880.0,1
2025-11-03 00:29:00,109050.0,109070.0,109050.0,109070.0,2
2025-11-03 00:35:00,108950.0,109025.0,108950.0,109025.0,2
2025-11-03 00:38:00,108940.0,108940.0,108940.0,108940.0,1
2025-11-03 00:44:00,108610.0,108610.0,108610.0,108610.0,1
2025-11-03 00:55:00,108630.0,108630.0,108630.0,108630.0,2
2025-11-03 01:04:00,108660.0,108660.0,108660.0,108660.0,1
2025-11-03 01:12:00,108465.0,108475.0,108465.0,108475.0,3
2025-11-03 01:13:00,108440.0,108440.0,108440.0,108440.0,1
2025-11-03 01:16:00,108485.0,108485.0,108485.0,108485.0,1
2025-11-03 01:27:00,108500.0,108500.0,108480.0,108480.0,2
2025-11-03 01:33:00,108415.0,108450.0,108415.0,108435.0,17
2025-11-03 01:40:00,108560.0,108560.0,108560.0,108560.0,20
2025-11-03 01:45:00,108495.0,108495.0,108495.0,108495.0,19
2025-11-03 01:46:00,108250.0,108250.0,108250.0,108250.0,10
2025-11-03 01:49:00,108100.0,108100.0,108055.0,108055.0,3
2025-11-03 01:53:00,108695.0,108695.0,108695.0,108695.0,1
2025-11-03 02:00:00,108650.0,108650.0,108650.0,108650.0,1
2025-11-03 02:01:00,108370.0,108370.0,108370.0,108370.0,1
2025-11-03 02:09:00,108370.0,108370.0,108370.0,108370.0,10
2025-11-03 02:16:00,108440.0,108440.0,108440.0,108440.0,3
2025-11-03 02:25:00,108735.0,108735.0,108735.0,108735.0,2
2025-11-03 02:35:00,108635.0,108635.0,108635.0,108635.0,1
2025-11-03 02:39:00,108705.0,108705.0,108705.0,108705.0,10
2025-11-03 02:42:00,108705.0,108705.0,108705.0,108705.0,1
2025-11-03 03:21:00,108590.0,108590.0,108590.0,108590.0,1
2025-11-03 03:28:00,108290.0,108290.0,108290.0,108290.0,1
2025-11-03 03:31:00,108300.0,108300.0,108300.0,108300.0,1
2025-11-03 03:47:00,108130.0,108130.0,108130.0,108130.0,2
2025-11-03 03:50:00,108050.0,108050.0,108025.0,108025.0,6
2025-11-03 03:51:00,108290.0,108290.0,108290.0,108290.0,1
2025-11-03 03:58:00,108520.0,108520.0,108520.0,108520.0,2
2025-11-03 04:10:00,108880.0,108945.0,108880.0,108945.0,6
2025-11-03 04:11:00,108805.0,108805.0,108805.0,108805.0,5
2025-11-03 04:12:00,108835.0,108835.0,108790.0,108790.0,15
2025-11-03 04:13:00,108850.0,108910.0,108850.0,108860.0,11
2025-11-03 04:14:00,108800.0,108800.0,108800.0,108800.0,5
2025-11-03 04:15:00,108735.0,108790.0,108735.0,108790.0,10
2025-11-03 04:26:00,108395.0,108395.0,108395.0,108395.0,3
2025-11-03 04:33:00,108400.0,108400.0,108400.0,108400.0,1
2025-11-03 04:34:00,108400.0,108400.0,108400.0,108400.0,1
2025-11-03 05:01:00,108275.0,108275.0,108275.0,108275.0,1
2025-11-03 05:02:00,108330.0,108330.0,108330.0,108330.0,1
2025-11-03 05:59:00,108185.0,108185.0,108185.0,108185.0,2
2025-11-03 06:00:00,108075.0,108075.0,107865.0,107870.0,6
2025-11-03 06:01:00,108020.0,108165.0,107985.0,108165.0,4
2025-11-03 06:03:00,108260.0,108260.0,108260.0,108260.0,2
2025-11-03 06:04:00,108500.0,108500.0,108500.0,108500.0,3
2025-11-03 06:09:00,108500.0,108500.0,108500.0,108500.0,2
2025-11-03 06:10:00,108515.0,108515.0,108515.0,108515.0,1
2025-11-03 06:17:00,108825.0,108825.0,108825.0,108825.0,1
2025-11-03 06:43:00,108710.0,108710.0,108710.0,108710.0,1
2025-11-03 06:51:00,108900.0,108900.0,108900.0,108900.0,1
2025-11-03 07:03:00,108840.0,108840.0,108840.0,108840.0,1
2025-11-03 07:05:00,109000.0,109160.0,109000.0,109160.0,16
2025-11-03 07:06:00,108850.0,108850.0,108850.0,108850.0,1
2025-11-03 07:14:00,109120.0,109120.0,109120.0,109120.0,5
2025-11-03 07:36:00,109085.0,109085.0,109085.0,109085.0,1
2025-11-03 07:37:00,109085.0,109085.0,109080.0,109080.0,2
2025-11-03 07:39:00,108945.0,108945.0,108945.0,108945.0,1
2025-11-03 07:45:00,108950.0,108950.0,108950.0,108950.0,6
2025-11-03 07:48:00,109000.0,109000.0,109000.0,109000.0,1
2025-11-03 08:16:00,108740.0,108740.0,108740.0,108740.0,1
2025-11-03 08:26:00,108825.0,108835.0,108825.0,108835.0,2
2025-11-03 08:33:00,108915.0,108915.0,108915.0,108915.0,2
2025-11-03 08:35:00,108975.0,108975.0,108975.0,108975.0,1
2025-11-03 08:43:00,108925.0,108925.0,108920.0,108920.0,4
2025-11-03 08:45:00,108940.0,108940.0,108940.0,108940.0,1
2025-11-03 08:59:00,109010.0,109010.0,109010.0,109010.0,1
2025-11-03 09:02:00,109110.0,109110.0,109110.0,109110.0,1
2025-11-03 09:03:00,109080.0,109080.0,109080.0,109080.0,2
2025-11-03 09:04:00,109120.0,109120.0,109120.0,109120.0,1
2025-11-03 09:08:00,109420.0,109420.0,109400.0,109400.0,2
2025-11-03 09:14:00,109100.0,109100.0,109060.0,109060.0,15
2025-11-03 09:15:00,109085.0,109085.0,108975.0,109000.0,15
2025-11-03 09:16:00,108910.0,108960.0,108910.0,108960.0,3
2025-11-03 09:26:00,108735.0,108735.0,108735.0,108735.0,1
2025-11-03 09:27:00,108685.0,108685.0,108685.0,108685.0,1
2025-11-03 09:28:00,108695.0,108710.0,108695.0,108710.0,4
2025-11-03 09:31:00,108675.0,108675.0,108625.0,108655.0,5
2025-11-03 09:33:00,108635.0,108635.0,108635.0,108635.0,1
2025-11-03 09:34:00,108645.0,108645.0,108645.0,108645.0,1
2025-11-03 09:36:00,108500.0,108500.0,108495.0,108495.0,11
2025-11-03 09:37:00,108680.0,108680.0,108680.0,108680.0,1
2025-11-03 09:38:00,108635.0,108635.0,108635.0,108635.0,1
2025-11-03 09:47:00,108685.0,108685.0,108685.0,108685.0,1
2025-11-03 09:53:00,109070.0,109070.0,109020.0,109020.0,2
2025-11-03 09:55:00,109040.0,109040.0,108965.0,108985.0,4
2025-11-03 09:57:00,109045.0,109045.0,109045.0,109045.0,2
2025-11-03 10:01:00,109025.0,109025.0,109025.0,109025.0,1
2025-11-03 10:02:00,109000.0,109000.0,109000.0,109000.0,1
2025-11-03 10:03:00,108975.0,109005.0,108975.0,109005.0,3
2025-11-03 10:04:00,109005.0,109005.0,109005.0,109005.0,1
2025-11-03 10:06:00,108860.0,108860.0,108745.0,108745.0,2
2025-11-03 10:07:00,108850.0,108850.0,108850.0,108850.0,1
2025-11-03 10:09:00,108775.0,108920.0,108775.0,108900.0,13
2025-11-03 10:11:00,108815.0,108815.0,108815.0,108815.0,1
2025-11-03 10:16:00,108640.0,108640.0,108640.0,108640.0,1
2025-11-03 10:19:00,108535.0,108535.0,108535.0,108535.0,1
2025-11-03 10:25:00,108250.0,108250.0,108135.0,108135.0,6
2025-11-03 10:26:00,108210.0,108210.0,108175.0,108175.0,3
2025-11-03 10:27:00,107965.0,107965.0,107380.0,107560.0,18
2025-11-03 10:28:00,107665.0,107665.0,107320.0,107320.0,17
2025-11-03 10:29:00,107245.0,107410.0,106825.0,106825.0,23
2025-11-03 10:30:00,106830.0,107045.0,106830.0,107010.0,4
2025-11-03 10:31:00,106930.0,107035.0,106610.0,106675.0,9
2025-11-03 10:32:00,106865.0,107025.0,106865.0,106965.0,17
2025-11-03 10:33:00,106910.0,106955.0,106665.0,106735.0,16
2025-11-03 10:34:00,106665.0,106700.0,106545.0,106645.0,6
2025-11-03 10:35:00,106830.0,106985.0,106830.0,106945.0,9
2025-11-03 10:36:00,106925.0,107180.0,106925.0,107120.0,14
2025-11-03 10:37:00,107435.0,107435.0,107435.0,107435.0,1
2025-11-03 10:38:00,107285.0,107330.0,107285.0,107330.0,2
2025-11-03 10:39:00,107320.0,107415.0,107320.0,107415.0,5
2025-11-03 10:42:00,107415.0,107415.0,107385.0,107385.0,2
2025-11-03 10:43:00,107060.0,107065.0,107060.0,107065.0,3
2025-11-03 10:44:00,107000.0,107000.0,106900.0,106900.0,15
2025-11-03 10:46:00,107005.0,107005.0,106965.0,106965.0,3
2025-11-03 10:47:00,107040.0,107040.0,106860.0,106910.0,6
2025-11-03 10:48:00,106950.0,106950.0,106890.0,106900.0,6
2025-11-03 10:51:00,106750.0,106920.0,106750.0,106920.0,3
2025-11-03 10:52:00,107005.0,107010.0,107005.0,107010.0,2
2025-11-03 10:53:00,106890.0,106890.0,106890.0,106890.0,1
2025-11-03 10:54:00,106890.0,106920.0,106890.0,106920.0,2
2025-11-03 10:55:00,106805.0,106805.0,106710.0,106710.0,2
2025-11-03 11:01:00,106740.0,106790.0,106710.0,106790.0,7
2025-11-03 11:02:00,106650.0,106650.0,106650.0,106650.0,3
2025-11-03 11:03:00,106670.0,106705.0,106600.0,106600.0,7
2025-11-03 11:04:00,106645.0,106645.0,106645.0,106645.0,1
2025-11-03 11:05:00,106600.0,106600.0,106370.0,106445.0,27
2025-11-03 11:06:00,106465.0,106620.0,106465.0,106620.0,2
2025-11-03 11:07:00,106755.0,106755.0,106500.0,106500.0,5
2025-11-03 11:08:00,106515.0,106515.0,106515.0,106515.0,1
2025-11-03 11:09:00,106370.0,106405.0,106370.0,106405.0,3
2025-11-03 11:10:00,106460.0,106530.0,106460.0,106515.0,3
2025-11-03 11:12:00,106845.0,106855.0,106845.0,106855.0,6
2025-11-03 11:13:00,106905.0,106975.0,106905.0,106935.0,30
2025-11-03 11:14:00,106925.0,106975.0,106915.0,106975.0,9
2025-11-03 11:15:00,107060.0,107060.0,107060.0,107060.0,1
2025-11-03 11:16:00,107125.0,107125.0,107050.0,107050.0,3
2025-11-03 11:17:00,106860.0,106860.0,106860.0,106860.0,1
2025-11-03 11:18:00,106810.0,106905.0,106810.0,106905.0,2
2025-11-03 11:19:00,107165.0,107165.0,107165.0,107165.0,1
2025-11-03 11:20:00,107140.0,107295.0,107140.0,107295.0,4
2025-11-03 11:21:00,107365.0,107365.0,107180.0,107180.0,30
2025-11-03 11:22:00,107140.0,107235.0,107085.0,107235.0,37
2025-11-03 11:23:00,107380.0,107380.0,107305.0,107305.0,4
2025-11-03 11:25:00,107310.0,107335.0,107310.0,107335.0,2
2025-11-03 11:27:00,107465.0,107530.0,107465.0,107530.0,4
2025-11-03 11:31:00,107370.0,107370.0,107370.0,107370.0,1
2025-11-03 11:32:00,107365.0,107365.0,107365.0,107365.0,1
2025-11-03 11:36:00,107250.0,107250.0,107230.0,107230.0,5
2025-11-03 11:37:00,107375.0,107380.0,107375.0,107380.0,6
2025-11-03 11:38:00,107495.0,107495.0,107460.0,107460.0,2
2025-11-03 11:40:00,107390.0,107390.0,107390.0,107390.0,2
2025-11-03 11:41:00,107335.0,107335.0,107335.0,107335.0,1
2025-11-03 11:42:00,107535.0,107535.0,107520.0,107520.0,2
2025-11-03 11:43:00,107525.0,107525.0,107525.0,107525.0,1
2025-11-03 11:48:00,107530.0,107535.0,107530.0,107535.0,2
2025-11-03 11:50:00,107450.0,107450.0,107445.0,107445.0,2
2025-11-03 11:51:00,107505.0,107505.0,107505.0,107505.0,4
2025-11-03 11:53:00,107770.0,107775.0,107770.0,107775.0,2
2025-11-03 12:03:00,107710.0,107710.0,107710.0,107710.0,1
2025-11-03 12:05:00,107600.0,107650.0,107600.0,107650.0,4
2025-11-03 12:08:00,107790.0,107790.0,107790.0,107790.0,1
2025-11-03 12:09:00,107845.0,107845.0,107845.0,107845.0,1
2025-11-03 12:10:00,107905.0,107905.0,107905.0,107905.0,1
2025-11-03 12:12:00,107920.0,107920.0,107920.0,107920.0,1
2025-11-03 12:14:00,107940.0,107940.0,107940.0,107940.0,1
2025-11-03 12:15:00,107865.0,107865.0,107865.0,107865.0,1
2025-11-03 12:16:00,107840.0,107840.0,107840.0,107840.0,2
2025-11-03 12:19:00,108000.0,108030.0,108000.0,108030.0,4
2025-11-03 12:20:00,108060.0,108090.0,108060.0,108090.0,2
2025-11-03 12:22:00,108525.0,108720.0,108525.0,108695.0,21
2025-11-03 12:23:00,108565.0,108565.0,108430.0,108430.0,7
2025-11-03 12:24:00,108440.0,108445.0,108360.0,108360.0,10
2025-11-03 12:25:00,108355.0,108360.0,108225.0,108225.0,3
2025-11-03 12:26:00,108270.0,108275.0,108155.0,108155.0,3
2025-11-03 12:31:00,108285.0,108285.0,108285.0,108285.0,1
2025-11-03 12:35:00,108505.0,108545.0,108505.0,108520.0,7
2025-11-03 12:37:00,108390.0,108390.0,108390.0,108390.0,1
2025-11-03 12:38:00,108595.0,108595.0,108590.0,108590.0,3
2025-11-03 12:39:00,108590.0,108590.0,108565.0,108565.0,5
2025-11-03 12:42:00,108480.0,108480.0,108480.0,108480.0,1
2025-11-03 12:43:00,108505.0,108505.0,108505.0,108505.0,1
2025-11-03 12:44:00,108535.0,108575.0,108535.0,108575.0,3
2025-11-03 12:45:00,108535.0,108535.0,108525.0,108525.0,2
2025-11-03 12:52:00,108650.0,108650.0,108650.0,108650.0,7
2025-11-03 12:54:00,108420.0,108420.0,108420.0,108420.0,1
2025-11-03 12:55:00,108445.0,108450.0,108445.0,108450.0,2
2025-11-03 12:56:00,108400.0,108500.0,108400.0,108500.0,7
2025-11-03 12:58:00,108500.0,108500.0,108500.0,108500.0,1
2025-11-03 13:01:00,108545.0,108545.0,108425.0,108425.0,2
2025-11-03 13:04:00,108475.0,108475.0,108460.0,108460.0,9
2025-11-03 13:06:00,108545.0,108580.0,108495.0,108495.0,12
2025-11-03 13:10:00,108480.0,108480.0,108480.0,108480.0,1
2025-11-03 13:14:00,108330.0,108330.0,108330.0,108330.0,1
2025-11-03 13:15:00,108275.0,108275.0,108275.0,108275.0,1
2025-11-03 13:17:00,108205.0,108205.0,108205.0,108205.0,2
2025-11-03 13:37:00,108380.0,108380.0,108370.0,108370.0,10
2025-11-03 13:42:00,108095.0,108095.0,108015.0,108015.0,3
2025-11-03 13:44:00,108000.0,108000.0,108000.0,108000.0,3
2025-11-03 13:45:00,107875.0,107875.0,107870.0,107870.0,5
2025-11-03 13:46:00,107905.0,107905.0,107905.0,107905.0,1
2025-11-03 13:47:00,107855.0,107855.0,107800.0,107800.0,2
2025-11-03 13:48:00,107890.0,107890.0,107890.0,107890.0,1
2025-11-03 13:49:00,108140.0,108140.0,108140.0,108140.0,2
2025-11-03 13:55:00,108105.0,108130.0,108105.0,108130.0,10
2025-11-03 13:57:00,108000.0,108000.0,108000.0,108000.0,5
2025-11-03 14:01:00,107990.0,108025.0,107990.0,108025.0,4
2025-11-03 14:03:00,107795.0,107820.0,107795.0,107820.0,3
2025-11-03 14:05:00,107810.0,107810.0,107795.0,107795.0,2
2025-11-03 14:07:00,107615.0,107690.0,107615.0,107690.0,5
2025-11-03 14:08:00,107630.0,107630.0,107630.0,107630.0,1
2025-11-03 14:09:00,107735.0,107735.0,107705.0,107705.0,5
2025-11-03 14:10:00,107500.0,107500.0,107495.0,107495.0,3
2025-11-03 14:13:00,107800.0,107800.0,107800.0,107800.0,2
2025-11-03 14:17:00,108035.0,108035.0,108035.0,108035.0,1
2025-11-03 14:21:00,108045.0,108045.0,108045.0,108045.0,1
2025-11-03 14:30:00,107930.0,107930.0,107930.0,107930.0,1
2025-11-03 14:38:00,108170.0,108170.0,108160.0,108165.0,6
2025-11-03 14:49:00,108360.0,108360.0,108360.0,108360.0,1
2025-11-03 14:50:00,108250.0,108250.0,108250.0,108250.0,1
2025-11-03 14:51:00,108250.0,108250.0,108165.0,108170.0,3
2025-11-03 14:52:00,108140.0,108140.0,108140.0,108140.0,1
2025-11-03 14:53:00,108105.0,108105.0,108105.0,108105.0,1
2025-11-03 14:55:00,108150.0,108175.0,108150.0,108175.0,4
2025-11-03 15:07:00,107860.0,107860.0,107860.0,107860.0,1
2025-11-03 15:17:00,107725.0,107725.0,107725.0,107725.0,1
2025-11-03 15:19:00,107645.0,107645.0,107645.0,107645.0,1
2025-11-03 15:25:00,107555.0,107555.0,107540.0,107540.0,20
2025-11-03 15:26:00,107500.0,107560.0,107500.0,107560.0,23
2025-11-03 15:27:00,107575.0,107640.0,107575.0,107640.0,12
2025-11-03 15:28:00,107535.0,107605.0,107520.0,107605.0,25
2025-11-03 15:30:00,107840.0,107840.0,107840.0,107840.0,3
2025-11-03 15:42:00,107730.0,107730.0,107730.0,107730.0,1
2025-11-03 15:43:00,107645.0,107645.0,107645.0,107645.0,1
2025-11-03 15:44:00,107645.0,107740.0,107645.0,107740.0,10
2025-11-03 15:46:00,107715.0,107715.0,107670.0,107670.0,2
2025-11-03 15:51:00,107510.0,107510.0,107510.0,107510.0,4
2025-11-03 15:53:00,107560.0,107560.0,107560.0,107560.0,1
2025-11-03 15:54:00,107565.0,107580.0,107440.0,107475.0,57
2025-11-03 15:55:00,107425.0,107540.0,107425.0,107490.0,19
2025-11-03 15:56:00,107490.0,107545.0,107490.0,107520.0,13
2025-11-03 15:57:00,107465.0,107470.0,107410.0,107410.0,30
2025-11-03 15:58:00,107390.0,107425.0,107385.0,107425.0,18
2025-11-03 15:59:00,107455.0,107455.0,107455.0,107455.0,5
2025-11-03 16:00:00,107630.0,107705.0,107630.0,107685.0,67
2025-11-03 16:01:00,107665.0,107835.0,107645.0,107835.0,30
2025-11-03 16:02:00,108050.0,108050.0,108050.0,108050.0,5
2025-11-03 16:03:00,108150.0,108165.0,108140.0,108140.0,10
2025-11-03 16:04:00,108055.0,108055.0,108055.0,108055.0,1
2025-11-03 16:06:00,107950.0,108050.0,107940.0,108050.0,6
2025-11-03 16:10:00,107825.0,107825.0,107825.0,107825.0,1
2025-11-03 16:13:00,107650.0,107650.0,107585.0,107585.0,6
2025-11-03 16:17:00,107410.0,107410.0,107300.0,107300.0,38
2025-11-03 16:18:00,107250.0,107250.0,107100.0,107100.0,21
2025-11-03 16:39:00,107840.0,107840.0,107840.0,107840.0,1
2025-11-03 16:53:00,107905.0,107905.0,107905.0,107905.0,1
2025-11-03 16:58:00,107985.0,107990.0,107985.0,107985.0,3
2025-11-03 18:01:00,107700.0,107700.0,107700.0,107700.0,1
2025-11-03 18:02:00,107300.0,107300.0,107300.0,107300.0,1
2025-11-03 18:12:00,107250.0,107250.0,107250.0,107250.0,3
2025-11-03 18:35:00,107565.0,107565.0,107565.0,107565.0,2
2025-11-03 18:42:00,107745.0,107745.0,107725.0,107725.0,3
2025-11-03 19:10:00,107490.0,107490.0,107490.0,107490.0,1
2025-11-03 19:11:00,107350.0,107350.0,107350.0,107350.0,1
2025-11-03 19:12:00,107420.0,107420.0,107420.0,107420.0,1
2025-11-03 19:13:00,107420.0,107420.0,107345.0,107355.0,7
2025-11-03 19:15:00,107330.0,107330.0,107330.0,107330.0,1
2025-11-03 19:18:00,107200.0,107200.0,107175.0,107185.0,11
2025-11-03 19:19:00,107365.0,107365.0,107365.0,107365.0,1
2025-11-03 19:22:00,107285.0,107285.0,107285.0,107285.0,2
2025-11-03 19:23:00,107100.0,107100.0,107100.0,107100.0,2
2025-11-03 19:25:00,107010.0,107010.0,107000.0,107000.0,2
2025-11-03 19:29:00,106930.0,106930.0,106930.0,106930.0,1
2025-11-03 19:31:00,106930.0,106930.0,106930.0,106930.0,1
2025-11-03 19:34:00,107200.0,107200.0,107200.0,107200.0,1
2025-11-03 19:37:00,107300.0,107300.0,107300.0,107300.0,2
2025-11-03 19:38:00,107480.0,107480.0,107480.0,107480.0,1
2025-11-03 19:40:00,107770.0,107770.0,107615.0,107690.0,4
2025-11-03 19:51:00,107550.0,107550.0,107550.0,107550.0,1
2025-11-03 19:55:00,107505.0,107505.0,107505.0,107505.0,1
2025-11-03 20:05:00,107400.0,107400.0,107400.0,107400.0,1
2025-11-03 20:20:00,107615.0,107615.0,107615.0,107615.0,1
2025-11-03 20:21:00,107770.0,107850.0,107770.0,107850.0,15
2025-11-03 20:23:00,107990.0,108095.0,107905.0,108095.0,4
2025-11-03 20:24:00,108055.0,108090.0,108055.0,108090.0,2
2025-11-03 20:27:00,108010.0,108030.0,107935.0,107935.0,6
2025-11-03 20:31:00,108085.0,108085.0,108085.0,108085.0,1
2025-11-03 20:33:00,108045.0,108045.0,108045.0,108045.0,3
2025-11-03 20:34:00,108005.0,108040.0,108005.0,108040.0,3
2025-11-03 20:35:00,108085.0,108145.0,108085.0,108115.0,3
2025-11-03 20:36:00,108040.0,108040.0,108040.0,108040.0,5
2025-11-03 20:37:00,108120.0,108120.0,108105.0,108105.0,4
2025-11-03 20:39:00,108065.0,108120.0,108055.0,108120.0,10
2025-11-03 20:41:00,108220.0,108220.0,108220.0,108220.0,1
2025-11-03 20:52:00,107815.0,107815.0,107810.0,107810.0,2
2025-11-03 20:53:00,107705.0,107705.0,107705.0,107705.0,1
